insert into brands(id,descrip) values (1,'Reanult');
insert into brands(id,descrip) values (2,'Seat');
insert into brands(id,descrip) values (3,'Mercedes');
insert into models(id,brand_id,descrip) values (1,1,'Captur');
insert into models(id,brand_id,descrip) values (2,1,'Kadjar');
insert into models(id,brand_id,descrip) values (3,2,'Ateca');
insert into models(id,brand_id,descrip) values (4,2,'Arona');
insert into models(id,brand_id,descrip) values (5,3,'CLK 320');
insert into cars(id,model_id,numberplate,price) values (1,2,'3306MYG',34873);
insert into cars(id,model_id,numberplate,price) values (2,5,'7916POU',20538);
insert into cars(id,model_id,numberplate,price) values (3,4,'2732KLB',15864);
insert into cars(id,model_id,numberplate,price) values (4,3,'1009UMO',29715);
insert into cars(id,model_id,numberplate,price) values (5,3,'8068EEM',31364);
insert into cars(id,model_id,numberplate,price) values (6,2,'8425MHS',22540);
insert into cars(id,model_id,numberplate,price) values (7,5,'8316SHU',20003);
insert into cars(id,model_id,numberplate,price) values (8,4,'4061IFR',40983);
insert into cars(id,model_id,numberplate,price) values (9,1,'7340ZBC',4856);
insert into cars(id,model_id,numberplate,price) values (10,3,'1956GPN',2591);
insert into cars(id,model_id,numberplate,price) values (11,5,'3595XIQ',7084);
insert into cars(id,model_id,numberplate,price) values (12,4,'8410CZN',26934);
insert into cars(id,model_id,numberplate,price) values (13,4,'2461DID',12209);
insert into cars(id,model_id,numberplate,price) values (14,3,'8048QYF',31280);
insert into cars(id,model_id,numberplate,price) values (15,3,'6020BHM',16571);
insert into cars(id,model_id,numberplate,price) values (16,5,'3098SXS',20329);
insert into cars(id,model_id,numberplate,price) values (17,1,'4822ORB',28615);
insert into cars(id,model_id,numberplate,price) values (18,2,'5900QLZ',4949);
insert into cars(id,model_id,numberplate,price) values (19,5,'3483DMC',23749);
insert into cars(id,model_id,numberplate,price) values (20,2,'4958NNL',35967);
insert into cars(id,model_id,numberplate,price) values (21,4,'9544JAV',35160);
insert into cars(id,model_id,numberplate,price) values (22,3,'2654EUA',23703);
insert into cars(id,model_id,numberplate,price) values (23,3,'1625VSM',29458);
insert into cars(id,model_id,numberplate,price) values (24,2,'2163GYZ',40830);
insert into cars(id,model_id,numberplate,price) values (25,5,'8638QSX',23436);
insert into cars(id,model_id,numberplate,price) values (26,3,'7143MYY',31334);
insert into cars(id,model_id,numberplate,price) values (27,2,'1357QLR',12510);
insert into cars(id,model_id,numberplate,price) values (28,4,'8967NHV',23751);
insert into cars(id,model_id,numberplate,price) values (29,1,'8669IEE',30861);
insert into cars(id,model_id,numberplate,price) values (30,2,'2356IKK',8037);
insert into cars(id,model_id,numberplate,price) values (31,2,'8481JDR',35142);
insert into cars(id,model_id,numberplate,price) values (32,3,'7910BSB',33354);
insert into cars(id,model_id,numberplate,price) values (33,4,'4151FZH',36827);
insert into cars(id,model_id,numberplate,price) values (34,3,'3030KNQ',13829);
insert into cars(id,model_id,numberplate,price) values (35,3,'5612ACC',37385);
insert into cars(id,model_id,numberplate,price) values (36,1,'4872QGH',19915);
insert into cars(id,model_id,numberplate,price) values (37,2,'1241JGK',36647);
insert into cars(id,model_id,numberplate,price) values (38,5,'4187IQW',10303);
insert into cars(id,model_id,numberplate,price) values (39,3,'5773QKB',22356);
insert into cars(id,model_id,numberplate,price) values (40,2,'3155CZZ',25179);
insert into cars(id,model_id,numberplate,price) values (41,5,'1403TLC',41015);
insert into cars(id,model_id,numberplate,price) values (42,4,'9994WNB',19936);
insert into cars(id,model_id,numberplate,price) values (43,3,'5479DET',10902);
insert into cars(id,model_id,numberplate,price) values (44,1,'2210HZS',39168);
insert into cars(id,model_id,numberplate,price) values (45,4,'9949AKF',43565);
insert into cars(id,model_id,numberplate,price) values (46,4,'2193KVA',41008);
insert into cars(id,model_id,numberplate,price) values (47,5,'4208BUX',43401);
insert into cars(id,model_id,numberplate,price) values (48,3,'8511FOX',11405);
insert into cars(id,model_id,numberplate,price) values (49,5,'6149JHV',34291);
insert into cars(id,model_id,numberplate,price) values (50,2,'5781HWF',44556);
insert into cars(id,model_id,numberplate,price) values (51,1,'2707RRQ',10953);
insert into cars(id,model_id,numberplate,price) values (52,2,'5872KDB',19324);
insert into cars(id,model_id,numberplate,price) values (53,5,'1838LSL',20124);
insert into cars(id,model_id,numberplate,price) values (54,4,'5566KIC',16492);
insert into cars(id,model_id,numberplate,price) values (55,4,'2519RBZ',24614);
insert into cars(id,model_id,numberplate,price) values (56,1,'7022QVF',32275);
insert into cars(id,model_id,numberplate,price) values (57,2,'1340VBE',3726);
insert into cars(id,model_id,numberplate,price) values (58,5,'9600XBQ',39684);
insert into cars(id,model_id,numberplate,price) values (59,2,'7607CMQ',40027);
insert into cars(id,model_id,numberplate,price) values (60,3,'8262JTT',37888);
insert into cars(id,model_id,numberplate,price) values (61,5,'1565POX',32833);
insert into cars(id,model_id,numberplate,price) values (62,1,'6811PCF',3537);
insert into cars(id,model_id,numberplate,price) values (63,1,'9007JVE',33042);
insert into cars(id,model_id,numberplate,price) values (64,2,'1071HWV',21306);
insert into cars(id,model_id,numberplate,price) values (65,3,'8277IPE',20706);
insert into cars(id,model_id,numberplate,price) values (66,3,'9918QUT',24120);
insert into cars(id,model_id,numberplate,price) values (67,2,'2794BDS',6047);
insert into cars(id,model_id,numberplate,price) values (68,4,'4816UDJ',2917);
insert into cars(id,model_id,numberplate,price) values (69,5,'8674GAR',6940);
insert into cars(id,model_id,numberplate,price) values (70,5,'4321MKV',27733);
insert into cars(id,model_id,numberplate,price) values (71,1,'8673DLQ',39759);
insert into cars(id,model_id,numberplate,price) values (72,4,'1174CZT',40833);
insert into cars(id,model_id,numberplate,price) values (73,5,'9042AET',38084);
insert into cars(id,model_id,numberplate,price) values (74,4,'3387FYG',35972);
insert into cars(id,model_id,numberplate,price) values (75,2,'4332VOR',3499);
insert into cars(id,model_id,numberplate,price) values (76,1,'4994EIP',38381);
insert into cars(id,model_id,numberplate,price) values (77,3,'9953TTX',17234);
insert into cars(id,model_id,numberplate,price) values (78,4,'5957JOI',33672);
insert into cars(id,model_id,numberplate,price) values (79,3,'2799ZNS',31771);
insert into cars(id,model_id,numberplate,price) values (80,2,'4950MRF',33039);
insert into cars(id,model_id,numberplate,price) values (81,5,'2404EOM',41296);
insert into cars(id,model_id,numberplate,price) values (82,5,'6465QLU',30475);
insert into cars(id,model_id,numberplate,price) values (83,5,'8780MYR',39606);
insert into cars(id,model_id,numberplate,price) values (84,3,'6316PKA',23746);
insert into cars(id,model_id,numberplate,price) values (85,4,'4032YZG',2802);
insert into cars(id,model_id,numberplate,price) values (86,1,'4566ERO',26623);
insert into cars(id,model_id,numberplate,price) values (87,4,'6361OPN',30792);
insert into cars(id,model_id,numberplate,price) values (88,4,'6055JCU',11130);
insert into cars(id,model_id,numberplate,price) values (89,2,'8592BFG',43490);
insert into cars(id,model_id,numberplate,price) values (90,1,'4489LAO',28750);
insert into cars(id,model_id,numberplate,price) values (91,3,'6365HCE',31574);
insert into cars(id,model_id,numberplate,price) values (92,1,'8442ZZN',4765);
insert into cars(id,model_id,numberplate,price) values (93,1,'2693IPW',1677);
insert into cars(id,model_id,numberplate,price) values (94,1,'9401CGS',38589);
insert into cars(id,model_id,numberplate,price) values (95,4,'2961AOH',2542);
insert into cars(id,model_id,numberplate,price) values (96,3,'2239OHD',40319);
insert into cars(id,model_id,numberplate,price) values (97,4,'8651BQX',12532);
insert into cars(id,model_id,numberplate,price) values (98,3,'5580HOC',13493);
insert into cars(id,model_id,numberplate,price) values (99,5,'9658URT',15671);
insert into cars(id,model_id,numberplate,price) values (100,2,'1544VWK',11557);
insert into cars(id,model_id,numberplate,price) values (101,4,'5977LVS',23594);
insert into cars(id,model_id,numberplate,price) values (102,1,'2479QAE',22801);
insert into cars(id,model_id,numberplate,price) values (103,4,'8607ITX',38209);
insert into cars(id,model_id,numberplate,price) values (104,5,'9812ELG',13499);
insert into cars(id,model_id,numberplate,price) values (105,1,'2457FCP',29737);
insert into cars(id,model_id,numberplate,price) values (106,3,'8302ZTR',28207);
insert into cars(id,model_id,numberplate,price) values (107,4,'9522GCE',28298);
insert into cars(id,model_id,numberplate,price) values (108,3,'2125RON',3445);
insert into cars(id,model_id,numberplate,price) values (109,1,'8089OQW',19832);
insert into cars(id,model_id,numberplate,price) values (110,5,'4635FDI',4444);
insert into cars(id,model_id,numberplate,price) values (111,5,'8163GTE',27012);
insert into cars(id,model_id,numberplate,price) values (112,1,'8236UJR',10189);
insert into cars(id,model_id,numberplate,price) values (113,3,'6078MLC',44463);
insert into cars(id,model_id,numberplate,price) values (114,2,'2807THB',26380);
insert into cars(id,model_id,numberplate,price) values (115,4,'9756DKX',44863);
insert into cars(id,model_id,numberplate,price) values (116,5,'3009LDH',32902);
insert into cars(id,model_id,numberplate,price) values (117,1,'9269LHW',14859);
insert into cars(id,model_id,numberplate,price) values (118,4,'8203MEK',42137);
insert into cars(id,model_id,numberplate,price) values (119,2,'3541WRP',43197);
insert into cars(id,model_id,numberplate,price) values (120,4,'3652YTJ',9835);
insert into cars(id,model_id,numberplate,price) values (121,2,'8141HDZ',43118);
insert into cars(id,model_id,numberplate,price) values (122,3,'6408GIS',17756);
insert into cars(id,model_id,numberplate,price) values (123,2,'3634GKU',7274);
insert into cars(id,model_id,numberplate,price) values (124,2,'6901ZGU',44506);
insert into cars(id,model_id,numberplate,price) values (125,1,'6268XKV',6450);
insert into cars(id,model_id,numberplate,price) values (126,4,'2102GYR',4452);
insert into cars(id,model_id,numberplate,price) values (127,2,'9080ZXF',19591);
insert into cars(id,model_id,numberplate,price) values (128,2,'6323CKR',37223);
insert into cars(id,model_id,numberplate,price) values (129,5,'9386MPH',14741);
insert into cars(id,model_id,numberplate,price) values (130,2,'3346UXM',5525);
insert into cars(id,model_id,numberplate,price) values (131,5,'2239GJH',43054);
insert into cars(id,model_id,numberplate,price) values (132,2,'8866IDN',26892);
insert into cars(id,model_id,numberplate,price) values (133,2,'1393UHI',6447);
insert into cars(id,model_id,numberplate,price) values (134,5,'7451CDL',1482);
insert into cars(id,model_id,numberplate,price) values (135,5,'1922ZIU',37117);
insert into cars(id,model_id,numberplate,price) values (136,5,'9628UFM',28404);
insert into cars(id,model_id,numberplate,price) values (137,3,'9499ZTG',7378);
insert into cars(id,model_id,numberplate,price) values (138,3,'7726FPJ',22380);
insert into cars(id,model_id,numberplate,price) values (139,2,'8972GUP',15901);
insert into cars(id,model_id,numberplate,price) values (140,4,'5322PBQ',812);
insert into cars(id,model_id,numberplate,price) values (141,3,'3746CAI',4059);
insert into cars(id,model_id,numberplate,price) values (142,2,'1804NTU',30017);
insert into cars(id,model_id,numberplate,price) values (143,2,'8774VOH',44252);
insert into cars(id,model_id,numberplate,price) values (144,2,'1698KRJ',26336);
insert into cars(id,model_id,numberplate,price) values (145,2,'8645WIW',33606);
insert into cars(id,model_id,numberplate,price) values (146,3,'9201RKP',31737);
insert into cars(id,model_id,numberplate,price) values (147,2,'3316LSN',22257);
insert into cars(id,model_id,numberplate,price) values (148,1,'3895TAS',23894);
insert into cars(id,model_id,numberplate,price) values (149,2,'6499PDY',5157);
insert into cars(id,model_id,numberplate,price) values (150,1,'9137FTD',11733);
insert into cars(id,model_id,numberplate,price) values (151,4,'7324TVI',28562);
insert into cars(id,model_id,numberplate,price) values (152,3,'1630BNX',21561);
insert into cars(id,model_id,numberplate,price) values (153,1,'4350SFE',37183);
insert into cars(id,model_id,numberplate,price) values (154,1,'7521NUX',34059);
insert into cars(id,model_id,numberplate,price) values (155,1,'2916QVL',269);
insert into cars(id,model_id,numberplate,price) values (156,2,'1985MRN',39188);
insert into cars(id,model_id,numberplate,price) values (157,4,'5433UWH',44494);
insert into cars(id,model_id,numberplate,price) values (158,1,'9995MUH',17575);
insert into cars(id,model_id,numberplate,price) values (159,2,'8241PVT',42915);
insert into cars(id,model_id,numberplate,price) values (160,4,'4933PLZ',5573);
insert into cars(id,model_id,numberplate,price) values (161,1,'7054GIN',44377);
insert into cars(id,model_id,numberplate,price) values (162,5,'3722FQV',5651);
insert into cars(id,model_id,numberplate,price) values (163,2,'9961GCZ',17030);
insert into cars(id,model_id,numberplate,price) values (164,2,'9267OTT',20538);
insert into cars(id,model_id,numberplate,price) values (165,2,'1882MTE',37152);
insert into cars(id,model_id,numberplate,price) values (166,2,'3850IUG',1400);
insert into cars(id,model_id,numberplate,price) values (167,3,'4190AJF',40853);
insert into cars(id,model_id,numberplate,price) values (168,3,'6163XCI',18732);
insert into cars(id,model_id,numberplate,price) values (169,5,'8741HBD',2780);
insert into cars(id,model_id,numberplate,price) values (170,5,'8083IOF',38694);
insert into cars(id,model_id,numberplate,price) values (171,2,'4279ZPN',24855);
insert into cars(id,model_id,numberplate,price) values (172,3,'7909BVA',32352);
insert into cars(id,model_id,numberplate,price) values (173,2,'9388OCZ',547);
insert into cars(id,model_id,numberplate,price) values (174,4,'3796RFB',23753);
insert into cars(id,model_id,numberplate,price) values (175,3,'4845UIE',13349);
insert into cars(id,model_id,numberplate,price) values (176,2,'9689JUF',39735);
insert into cars(id,model_id,numberplate,price) values (177,1,'8957EMJ',30678);
insert into cars(id,model_id,numberplate,price) values (178,5,'5711VFH',43940);
insert into cars(id,model_id,numberplate,price) values (179,4,'3243FAP',6239);
insert into cars(id,model_id,numberplate,price) values (180,5,'3071JIH',35550);
insert into cars(id,model_id,numberplate,price) values (181,2,'4971FSD',35230);
insert into cars(id,model_id,numberplate,price) values (182,2,'1059VQI',40440);
insert into cars(id,model_id,numberplate,price) values (183,4,'3103HNX',23714);
insert into cars(id,model_id,numberplate,price) values (184,4,'9082IYM',7477);
insert into cars(id,model_id,numberplate,price) values (185,2,'5158NVS',42767);
insert into cars(id,model_id,numberplate,price) values (186,4,'5496AMA',23032);
insert into cars(id,model_id,numberplate,price) values (187,1,'8109WLP',6824);
insert into cars(id,model_id,numberplate,price) values (188,5,'5975BMP',21133);
insert into cars(id,model_id,numberplate,price) values (189,5,'6868LZI',21339);
insert into cars(id,model_id,numberplate,price) values (190,3,'8949CFX',19586);
insert into cars(id,model_id,numberplate,price) values (191,4,'5956OEN',23662);
insert into cars(id,model_id,numberplate,price) values (192,1,'2030GIH',34393);
insert into cars(id,model_id,numberplate,price) values (193,5,'3596SOA',2502);
insert into cars(id,model_id,numberplate,price) values (194,2,'6172OOX',33425);
insert into cars(id,model_id,numberplate,price) values (195,2,'9304UHN',28965);
insert into cars(id,model_id,numberplate,price) values (196,2,'4116HHL',43817);
insert into cars(id,model_id,numberplate,price) values (197,5,'4353UAB',41970);
insert into cars(id,model_id,numberplate,price) values (198,3,'9089WQD',22189);
insert into cars(id,model_id,numberplate,price) values (199,2,'7257OLH',4497);
insert into cars(id,model_id,numberplate,price) values (200,3,'7725TTR',34173);
insert into cars(id,model_id,numberplate,price) values (201,4,'7618RHE',24598);
insert into cars(id,model_id,numberplate,price) values (202,4,'5027GAC',10354);
insert into cars(id,model_id,numberplate,price) values (203,1,'2528OZI',4549);
insert into cars(id,model_id,numberplate,price) values (204,4,'6137YXT',35104);
insert into cars(id,model_id,numberplate,price) values (205,2,'5408EMJ',3827);
insert into cars(id,model_id,numberplate,price) values (206,2,'3500DYW',25940);
insert into cars(id,model_id,numberplate,price) values (207,4,'2411WYP',39282);
insert into cars(id,model_id,numberplate,price) values (208,5,'5890ZTB',9704);
insert into cars(id,model_id,numberplate,price) values (209,1,'9132GWI',27180);
insert into cars(id,model_id,numberplate,price) values (210,4,'9467SOD',30095);
insert into cars(id,model_id,numberplate,price) values (211,2,'3573XBZ',3559);
insert into cars(id,model_id,numberplate,price) values (212,1,'6299BTU',18167);
insert into cars(id,model_id,numberplate,price) values (213,1,'8939FFB',11401);
insert into cars(id,model_id,numberplate,price) values (214,4,'7989NUO',27955);
insert into cars(id,model_id,numberplate,price) values (215,1,'6497FIE',29568);
insert into cars(id,model_id,numberplate,price) values (216,4,'7767AJO',22750);
insert into cars(id,model_id,numberplate,price) values (217,3,'9093GXS',44741);
insert into cars(id,model_id,numberplate,price) values (218,1,'2227UXR',36233);
insert into cars(id,model_id,numberplate,price) values (219,4,'9959QMT',7111);
insert into cars(id,model_id,numberplate,price) values (220,2,'8499ATX',16336);
insert into cars(id,model_id,numberplate,price) values (221,2,'7136GWT',16585);
insert into cars(id,model_id,numberplate,price) values (222,3,'1962KXZ',4588);
insert into cars(id,model_id,numberplate,price) values (223,5,'2339VUY',27876);
insert into cars(id,model_id,numberplate,price) values (224,2,'1472MGD',43016);
insert into cars(id,model_id,numberplate,price) values (225,2,'8062IQT',20072);
insert into cars(id,model_id,numberplate,price) values (226,1,'8044WQY',1402);
insert into cars(id,model_id,numberplate,price) values (227,1,'8269FDD',21632);
insert into cars(id,model_id,numberplate,price) values (228,5,'8560XFO',12960);
insert into cars(id,model_id,numberplate,price) values (229,2,'9947XAH',1566);
insert into cars(id,model_id,numberplate,price) values (230,3,'1459DNN',19871);
insert into cars(id,model_id,numberplate,price) values (231,3,'7228TDN',36175);
insert into cars(id,model_id,numberplate,price) values (232,4,'7065TDR',2340);
insert into cars(id,model_id,numberplate,price) values (233,2,'7413JPY',39410);
insert into cars(id,model_id,numberplate,price) values (234,2,'9979BSP',34386);
insert into cars(id,model_id,numberplate,price) values (235,3,'3473HYA',38837);
insert into cars(id,model_id,numberplate,price) values (236,4,'2913JQZ',8719);
insert into cars(id,model_id,numberplate,price) values (237,4,'4717IVJ',42125);
insert into cars(id,model_id,numberplate,price) values (238,4,'3448MGP',37313);
insert into cars(id,model_id,numberplate,price) values (239,1,'3052FIB',13200);
insert into cars(id,model_id,numberplate,price) values (240,2,'8159MWF',3964);
insert into cars(id,model_id,numberplate,price) values (241,4,'9906VZJ',36027);
insert into cars(id,model_id,numberplate,price) values (242,5,'7495QLZ',8579);
insert into cars(id,model_id,numberplate,price) values (243,4,'2836APB',21160);
insert into cars(id,model_id,numberplate,price) values (244,4,'3775EXB',32441);
insert into cars(id,model_id,numberplate,price) values (245,3,'7610REK',30623);
insert into cars(id,model_id,numberplate,price) values (246,2,'3098BOI',18995);
insert into cars(id,model_id,numberplate,price) values (247,2,'4181WOW',2817);
insert into cars(id,model_id,numberplate,price) values (248,1,'8088KDZ',14149);
insert into cars(id,model_id,numberplate,price) values (249,2,'7514ODD',15851);
insert into cars(id,model_id,numberplate,price) values (250,5,'3017XYW',21677);
insert into cars(id,model_id,numberplate,price) values (251,3,'4318MLG',9313);
insert into cars(id,model_id,numberplate,price) values (252,5,'7898SJX',9950);
insert into cars(id,model_id,numberplate,price) values (253,4,'9952ZWW',20471);
insert into cars(id,model_id,numberplate,price) values (254,3,'7527YIU',14897);
insert into cars(id,model_id,numberplate,price) values (255,1,'9479EJG',17403);
insert into cars(id,model_id,numberplate,price) values (256,5,'6270ZCY',5439);
insert into cars(id,model_id,numberplate,price) values (257,5,'9164HIM',10556);
insert into cars(id,model_id,numberplate,price) values (258,3,'2250RKD',34740);
insert into cars(id,model_id,numberplate,price) values (259,3,'3652FGZ',11969);
insert into cars(id,model_id,numberplate,price) values (260,5,'2183EYJ',42019);
insert into cars(id,model_id,numberplate,price) values (261,3,'9063DTT',11794);
insert into cars(id,model_id,numberplate,price) values (262,1,'6875JTE',21913);
insert into cars(id,model_id,numberplate,price) values (263,1,'1813TVA',29447);
insert into cars(id,model_id,numberplate,price) values (264,1,'6062EGB',39578);
insert into cars(id,model_id,numberplate,price) values (265,5,'3755MVD',35831);
insert into cars(id,model_id,numberplate,price) values (266,5,'8000QFV',15076);
insert into cars(id,model_id,numberplate,price) values (267,3,'6632PFW',12209);
insert into cars(id,model_id,numberplate,price) values (268,1,'2955IYP',13207);
insert into cars(id,model_id,numberplate,price) values (269,1,'4128WWJ',35020);
insert into cars(id,model_id,numberplate,price) values (270,3,'1345XJQ',40874);
insert into cars(id,model_id,numberplate,price) values (271,2,'2597QYQ',33047);
insert into cars(id,model_id,numberplate,price) values (272,2,'1088SPQ',6168);
insert into cars(id,model_id,numberplate,price) values (273,3,'6410EXR',21767);
insert into cars(id,model_id,numberplate,price) values (274,3,'7433XCD',16112);
insert into cars(id,model_id,numberplate,price) values (275,4,'6629JAN',12469);
insert into cars(id,model_id,numberplate,price) values (276,5,'9020AKX',4730);
insert into cars(id,model_id,numberplate,price) values (277,3,'3357BBL',36157);
insert into cars(id,model_id,numberplate,price) values (278,3,'7049MIO',24500);
insert into cars(id,model_id,numberplate,price) values (279,2,'3505MPB',34472);
insert into cars(id,model_id,numberplate,price) values (280,3,'7334YDW',8664);
insert into cars(id,model_id,numberplate,price) values (281,1,'4264DVB',28900);
insert into cars(id,model_id,numberplate,price) values (282,3,'3577OXI',37097);
insert into cars(id,model_id,numberplate,price) values (283,2,'1940YXF',33093);
insert into cars(id,model_id,numberplate,price) values (284,3,'3620LGN',29186);
insert into cars(id,model_id,numberplate,price) values (285,1,'2751GDX',13625);
insert into cars(id,model_id,numberplate,price) values (286,3,'3016AWT',12727);
insert into cars(id,model_id,numberplate,price) values (287,3,'1574DFW',11731);
insert into cars(id,model_id,numberplate,price) values (288,3,'3926JOZ',24536);
insert into cars(id,model_id,numberplate,price) values (289,2,'1787FAR',23727);
insert into cars(id,model_id,numberplate,price) values (290,3,'1630VNO',35846);
insert into cars(id,model_id,numberplate,price) values (291,3,'1922IKO',27179);
insert into cars(id,model_id,numberplate,price) values (292,4,'2805UCB',20075);
insert into cars(id,model_id,numberplate,price) values (293,4,'1837DHK',23324);
insert into cars(id,model_id,numberplate,price) values (294,4,'2599SBT',34975);
insert into cars(id,model_id,numberplate,price) values (295,4,'7872QCA',31943);
insert into cars(id,model_id,numberplate,price) values (296,4,'3160HZD',21237);
insert into cars(id,model_id,numberplate,price) values (297,4,'2122EOV',11316);
insert into cars(id,model_id,numberplate,price) values (298,5,'1394WLF',11614);
insert into cars(id,model_id,numberplate,price) values (299,2,'9380FIP',40658);
insert into cars(id,model_id,numberplate,price) values (300,5,'6358IWL',2377);
insert into cars(id,model_id,numberplate,price) values (301,5,'6758XNL',43246);
insert into cars(id,model_id,numberplate,price) values (302,4,'9312WFO',12822);
insert into cars(id,model_id,numberplate,price) values (303,5,'7969PHB',17853);
insert into cars(id,model_id,numberplate,price) values (304,4,'1604VTA',43670);
insert into cars(id,model_id,numberplate,price) values (305,3,'9269FBS',43126);
insert into cars(id,model_id,numberplate,price) values (306,2,'4956QKA',18233);
insert into cars(id,model_id,numberplate,price) values (307,5,'2098NAR',12448);
insert into cars(id,model_id,numberplate,price) values (308,4,'3414YFA',40688);
insert into cars(id,model_id,numberplate,price) values (309,5,'1507BPF',43877);
insert into cars(id,model_id,numberplate,price) values (310,3,'7006NMO',6060);
insert into cars(id,model_id,numberplate,price) values (311,4,'8633SJI',32629);
insert into cars(id,model_id,numberplate,price) values (312,4,'9420BCU',15952);
insert into cars(id,model_id,numberplate,price) values (313,2,'8636HTZ',21948);
insert into cars(id,model_id,numberplate,price) values (314,4,'1138TRJ',41357);
insert into cars(id,model_id,numberplate,price) values (315,3,'9748IZY',42047);
insert into cars(id,model_id,numberplate,price) values (316,3,'8476GDV',6210);
insert into cars(id,model_id,numberplate,price) values (317,4,'1146GSD',37166);
insert into cars(id,model_id,numberplate,price) values (318,2,'3484JMB',36421);
insert into cars(id,model_id,numberplate,price) values (319,3,'5014OTP',19179);
insert into cars(id,model_id,numberplate,price) values (320,2,'4614TMV',12067);
insert into cars(id,model_id,numberplate,price) values (321,2,'8672MAX',40220);
insert into cars(id,model_id,numberplate,price) values (322,1,'1818UBO',37547);
insert into cars(id,model_id,numberplate,price) values (323,1,'9222IIQ',40487);
insert into cars(id,model_id,numberplate,price) values (324,1,'5172SPQ',40213);
insert into cars(id,model_id,numberplate,price) values (325,1,'7188YWJ',27043);
insert into cars(id,model_id,numberplate,price) values (326,1,'7999LUP',7205);
insert into cars(id,model_id,numberplate,price) values (327,4,'2207XCM',38768);
insert into cars(id,model_id,numberplate,price) values (328,5,'9229GML',14340);
insert into cars(id,model_id,numberplate,price) values (329,3,'7820HQZ',8004);
insert into cars(id,model_id,numberplate,price) values (330,4,'2693ZQB',12524);
insert into cars(id,model_id,numberplate,price) values (331,1,'3011FPS',23584);
insert into cars(id,model_id,numberplate,price) values (332,4,'7424FWB',34588);
insert into cars(id,model_id,numberplate,price) values (333,3,'8967NVC',14113);
insert into cars(id,model_id,numberplate,price) values (334,5,'4184FOB',10990);
insert into cars(id,model_id,numberplate,price) values (335,1,'1975MBG',26706);
insert into cars(id,model_id,numberplate,price) values (336,3,'9655TNM',16808);
insert into cars(id,model_id,numberplate,price) values (337,5,'8485IDZ',35021);
insert into cars(id,model_id,numberplate,price) values (338,4,'5771MXZ',2915);
insert into cars(id,model_id,numberplate,price) values (339,2,'8629DJX',38981);
insert into cars(id,model_id,numberplate,price) values (340,2,'7574KAR',30107);
insert into cars(id,model_id,numberplate,price) values (341,2,'5261EPH',22882);
insert into cars(id,model_id,numberplate,price) values (342,2,'9042VXV',8253);
insert into cars(id,model_id,numberplate,price) values (343,4,'3041PWS',38080);
insert into cars(id,model_id,numberplate,price) values (344,4,'1715OWQ',40006);
insert into cars(id,model_id,numberplate,price) values (345,3,'6110BHW',23441);
insert into cars(id,model_id,numberplate,price) values (346,1,'6621TJU',14731);
insert into cars(id,model_id,numberplate,price) values (347,4,'9318DSP',13164);
insert into cars(id,model_id,numberplate,price) values (348,3,'9922BYD',33164);
insert into cars(id,model_id,numberplate,price) values (349,5,'5829ZLB',7497);
insert into cars(id,model_id,numberplate,price) values (350,1,'2098RPJ',42537);
insert into cars(id,model_id,numberplate,price) values (351,5,'9724AFR',11433);
insert into cars(id,model_id,numberplate,price) values (352,1,'6275BZU',16536);
insert into cars(id,model_id,numberplate,price) values (353,5,'9570IQN',33628);
insert into cars(id,model_id,numberplate,price) values (354,5,'8162VHX',42725);
insert into cars(id,model_id,numberplate,price) values (355,1,'8895IGC',3686);
insert into cars(id,model_id,numberplate,price) values (356,4,'4070ZBU',19591);
insert into cars(id,model_id,numberplate,price) values (357,1,'8636CXF',35979);
insert into cars(id,model_id,numberplate,price) values (358,1,'8062EGB',16445);
insert into cars(id,model_id,numberplate,price) values (359,2,'1119CDZ',39360);
insert into cars(id,model_id,numberplate,price) values (360,4,'8023GSA',2919);
insert into cars(id,model_id,numberplate,price) values (361,3,'3481JWT',36428);
insert into cars(id,model_id,numberplate,price) values (362,4,'4550RHQ',44455);
insert into cars(id,model_id,numberplate,price) values (363,4,'9331RSU',36014);
insert into cars(id,model_id,numberplate,price) values (364,3,'9666BMR',38099);
insert into cars(id,model_id,numberplate,price) values (365,5,'2290YQG',23123);
insert into cars(id,model_id,numberplate,price) values (366,5,'7970PRY',15994);
insert into cars(id,model_id,numberplate,price) values (367,4,'1352NSD',42693);
insert into cars(id,model_id,numberplate,price) values (368,2,'9579POI',5355);
insert into cars(id,model_id,numberplate,price) values (369,3,'3458TCB',36081);
insert into cars(id,model_id,numberplate,price) values (370,1,'7233NEO',27421);
insert into cars(id,model_id,numberplate,price) values (371,4,'3117KKP',41647);
insert into cars(id,model_id,numberplate,price) values (372,4,'8298CEN',36675);
insert into cars(id,model_id,numberplate,price) values (373,5,'3108VGV',7621);
insert into cars(id,model_id,numberplate,price) values (374,5,'6200JHW',3800);
insert into cars(id,model_id,numberplate,price) values (375,2,'7566AYI',21431);
insert into cars(id,model_id,numberplate,price) values (376,5,'9907BGL',18245);
insert into cars(id,model_id,numberplate,price) values (377,2,'2036MMC',31584);
insert into cars(id,model_id,numberplate,price) values (378,2,'5564KPH',17794);
insert into cars(id,model_id,numberplate,price) values (379,4,'5255UYJ',7069);
insert into cars(id,model_id,numberplate,price) values (380,4,'2174BPB',26625);
insert into cars(id,model_id,numberplate,price) values (381,1,'4669OQT',21401);
insert into cars(id,model_id,numberplate,price) values (382,3,'2877EKG',24154);
insert into cars(id,model_id,numberplate,price) values (383,1,'4325FDB',20730);
insert into cars(id,model_id,numberplate,price) values (384,3,'7233GAE',21757);
insert into cars(id,model_id,numberplate,price) values (385,4,'9819CTI',43447);
insert into cars(id,model_id,numberplate,price) values (386,1,'1668ZOB',2597);
insert into cars(id,model_id,numberplate,price) values (387,3,'4265PCG',35199);
insert into cars(id,model_id,numberplate,price) values (388,4,'8242CBD',24870);
insert into cars(id,model_id,numberplate,price) values (389,3,'4780KMJ',35982);
insert into cars(id,model_id,numberplate,price) values (390,2,'7173FUG',43701);
insert into cars(id,model_id,numberplate,price) values (391,2,'4863ZYZ',14465);
insert into cars(id,model_id,numberplate,price) values (392,4,'5941AVN',36280);
insert into cars(id,model_id,numberplate,price) values (393,3,'5479PIZ',40318);
insert into cars(id,model_id,numberplate,price) values (394,3,'5417JDD',27723);
insert into cars(id,model_id,numberplate,price) values (395,1,'4947IBP',4704);
insert into cars(id,model_id,numberplate,price) values (396,2,'8316MGG',12671);
insert into cars(id,model_id,numberplate,price) values (397,1,'4632CBF',11917);
insert into cars(id,model_id,numberplate,price) values (398,1,'2817PKA',10654);
insert into cars(id,model_id,numberplate,price) values (399,2,'7734GZE',3691);
insert into cars(id,model_id,numberplate,price) values (400,1,'6354WNL',29112);
insert into cars(id,model_id,numberplate,price) values (401,2,'2808XSC',32307);
insert into cars(id,model_id,numberplate,price) values (402,2,'9302AAI',24419);
insert into cars(id,model_id,numberplate,price) values (403,1,'9226OCT',29940);
insert into cars(id,model_id,numberplate,price) values (404,2,'5209OSA',4033);
insert into cars(id,model_id,numberplate,price) values (405,1,'9314TJQ',16809);
insert into cars(id,model_id,numberplate,price) values (406,5,'7631OKG',2298);
insert into cars(id,model_id,numberplate,price) values (407,4,'8360JHS',23980);
insert into cars(id,model_id,numberplate,price) values (408,4,'9297QIN',12601);
insert into cars(id,model_id,numberplate,price) values (409,2,'8804AAP',34848);
insert into cars(id,model_id,numberplate,price) values (410,3,'1632QLX',754);
insert into cars(id,model_id,numberplate,price) values (411,2,'3724ACE',27645);
insert into cars(id,model_id,numberplate,price) values (412,1,'8825BAM',26061);
insert into cars(id,model_id,numberplate,price) values (413,2,'8519ZCS',36996);
insert into cars(id,model_id,numberplate,price) values (414,5,'8132PEG',17539);
insert into cars(id,model_id,numberplate,price) values (415,4,'1825BVM',28262);
insert into cars(id,model_id,numberplate,price) values (416,4,'8470MJQ',10591);
insert into cars(id,model_id,numberplate,price) values (417,4,'8602BOP',2172);
insert into cars(id,model_id,numberplate,price) values (418,3,'7295TEJ',22047);
insert into cars(id,model_id,numberplate,price) values (419,4,'9014DOQ',24372);
insert into cars(id,model_id,numberplate,price) values (420,4,'6146PIP',30713);
insert into cars(id,model_id,numberplate,price) values (421,1,'2186VAW',8224);
insert into cars(id,model_id,numberplate,price) values (422,5,'9754GLA',22950);
insert into cars(id,model_id,numberplate,price) values (423,2,'1998ZRJ',39069);
insert into cars(id,model_id,numberplate,price) values (424,1,'7384KFA',17725);
insert into cars(id,model_id,numberplate,price) values (425,3,'1765NSD',36292);
insert into cars(id,model_id,numberplate,price) values (426,3,'4528ZUN',34381);
insert into cars(id,model_id,numberplate,price) values (427,3,'5917EKW',18395);
insert into cars(id,model_id,numberplate,price) values (428,4,'4076FHA',21526);
insert into cars(id,model_id,numberplate,price) values (429,5,'7548NFP',30918);
insert into cars(id,model_id,numberplate,price) values (430,2,'7648LTH',19362);
insert into cars(id,model_id,numberplate,price) values (431,2,'5807HKF',1947);
insert into cars(id,model_id,numberplate,price) values (432,4,'5094UXS',24575);
insert into cars(id,model_id,numberplate,price) values (433,1,'4417QKK',1135);
insert into cars(id,model_id,numberplate,price) values (434,2,'1842RZR',2036);
insert into cars(id,model_id,numberplate,price) values (435,4,'9772JUR',40146);
insert into cars(id,model_id,numberplate,price) values (436,1,'3110BOD',32992);
insert into cars(id,model_id,numberplate,price) values (437,3,'2952LTJ',8320);
insert into cars(id,model_id,numberplate,price) values (438,3,'3378JON',25300);
insert into cars(id,model_id,numberplate,price) values (439,3,'8022TWD',39618);
insert into cars(id,model_id,numberplate,price) values (440,5,'6313QPK',1430);
insert into cars(id,model_id,numberplate,price) values (441,4,'4729OKN',32272);
insert into cars(id,model_id,numberplate,price) values (442,5,'2376KDP',43724);
insert into cars(id,model_id,numberplate,price) values (443,3,'7704HWY',21765);
insert into cars(id,model_id,numberplate,price) values (444,4,'6918FVC',43187);
insert into cars(id,model_id,numberplate,price) values (445,5,'4671IKZ',35591);
insert into cars(id,model_id,numberplate,price) values (446,2,'6025HVY',34283);
insert into cars(id,model_id,numberplate,price) values (447,3,'1066KXO',30126);
insert into cars(id,model_id,numberplate,price) values (448,3,'9501VCX',39061);
insert into cars(id,model_id,numberplate,price) values (449,5,'3681TWX',41186);
insert into cars(id,model_id,numberplate,price) values (450,3,'3517YCC',32579);
insert into cars(id,model_id,numberplate,price) values (451,4,'2002SFA',2727);
insert into cars(id,model_id,numberplate,price) values (452,1,'2527YHQ',25656);
insert into cars(id,model_id,numberplate,price) values (453,1,'4212WWQ',23305);
insert into cars(id,model_id,numberplate,price) values (454,1,'5863CBE',16058);
insert into cars(id,model_id,numberplate,price) values (455,2,'1731JJB',9016);
insert into cars(id,model_id,numberplate,price) values (456,1,'7068DEJ',43458);
insert into cars(id,model_id,numberplate,price) values (457,5,'5451BIO',1544);
insert into cars(id,model_id,numberplate,price) values (458,5,'7164QDN',22517);
insert into cars(id,model_id,numberplate,price) values (459,1,'5808OSP',13986);
insert into cars(id,model_id,numberplate,price) values (460,3,'7595ZMT',40078);
insert into cars(id,model_id,numberplate,price) values (461,5,'4885CUM',44804);
insert into cars(id,model_id,numberplate,price) values (462,3,'5752XCY',25915);
insert into cars(id,model_id,numberplate,price) values (463,3,'6100QFR',5164);
insert into cars(id,model_id,numberplate,price) values (464,1,'7953VFB',1971);
insert into cars(id,model_id,numberplate,price) values (465,1,'1724NEY',38078);
insert into cars(id,model_id,numberplate,price) values (466,3,'2604NBQ',13817);
insert into cars(id,model_id,numberplate,price) values (467,1,'5760EOC',13610);
insert into cars(id,model_id,numberplate,price) values (468,4,'4416JZD',21465);
insert into cars(id,model_id,numberplate,price) values (469,2,'3411SEL',7973);
insert into cars(id,model_id,numberplate,price) values (470,5,'2455LUD',15241);
insert into cars(id,model_id,numberplate,price) values (471,2,'5684YMI',17372);
insert into cars(id,model_id,numberplate,price) values (472,4,'5798TAC',20464);
insert into cars(id,model_id,numberplate,price) values (473,2,'1957XUH',24664);
insert into cars(id,model_id,numberplate,price) values (474,1,'2077HAE',32473);
insert into cars(id,model_id,numberplate,price) values (475,4,'7736UEJ',9269);
insert into cars(id,model_id,numberplate,price) values (476,2,'7612LEG',27312);
insert into cars(id,model_id,numberplate,price) values (477,4,'8223PQM',41350);
insert into cars(id,model_id,numberplate,price) values (478,2,'6160JAY',26208);
insert into cars(id,model_id,numberplate,price) values (479,1,'9003WRV',3325);
insert into cars(id,model_id,numberplate,price) values (480,2,'5601YGG',33383);
insert into cars(id,model_id,numberplate,price) values (481,1,'1362MAX',5080);
insert into cars(id,model_id,numberplate,price) values (482,4,'2155QPA',40241);
insert into cars(id,model_id,numberplate,price) values (483,5,'1765CFB',18662);
insert into cars(id,model_id,numberplate,price) values (484,4,'4419ZYC',39003);
insert into cars(id,model_id,numberplate,price) values (485,2,'6905KZD',6634);
insert into cars(id,model_id,numberplate,price) values (486,2,'9346GSQ',41623);
insert into cars(id,model_id,numberplate,price) values (487,4,'5512XKQ',38799);
insert into cars(id,model_id,numberplate,price) values (488,5,'1748BOE',38364);
insert into cars(id,model_id,numberplate,price) values (489,5,'8079CVF',40803);
insert into cars(id,model_id,numberplate,price) values (490,2,'8139YHU',20932);
insert into cars(id,model_id,numberplate,price) values (491,2,'7137IXS',41211);
insert into cars(id,model_id,numberplate,price) values (492,4,'5798VBC',42317);
insert into cars(id,model_id,numberplate,price) values (493,3,'3630GYZ',44128);
insert into cars(id,model_id,numberplate,price) values (494,4,'7501QBD',27392);
insert into cars(id,model_id,numberplate,price) values (495,3,'7061EBU',12989);
insert into cars(id,model_id,numberplate,price) values (496,3,'4863WCA',12355);
insert into cars(id,model_id,numberplate,price) values (497,2,'8351XJP',28244);
insert into cars(id,model_id,numberplate,price) values (498,5,'6189RYH',371);
insert into cars(id,model_id,numberplate,price) values (499,4,'2126YGQ',44955);
insert into cars(id,model_id,numberplate,price) values (500,1,'2459QGF',20058);
insert into cars(id,model_id,numberplate,price) values (501,4,'8093FJE',5771);
insert into cars(id,model_id,numberplate,price) values (502,5,'4231NSF',38207);
insert into cars(id,model_id,numberplate,price) values (503,2,'3523CLN',44887);
insert into cars(id,model_id,numberplate,price) values (504,5,'3373KJN',32700);
insert into cars(id,model_id,numberplate,price) values (505,5,'3574GYS',36717);
insert into cars(id,model_id,numberplate,price) values (506,5,'5074RFN',7312);
insert into cars(id,model_id,numberplate,price) values (507,4,'8400FRQ',6003);
insert into cars(id,model_id,numberplate,price) values (508,1,'7427PWJ',5061);
insert into cars(id,model_id,numberplate,price) values (509,3,'5321AFL',32821);
insert into cars(id,model_id,numberplate,price) values (510,4,'8820BEQ',43772);
insert into cars(id,model_id,numberplate,price) values (511,4,'2303YFJ',21122);
insert into cars(id,model_id,numberplate,price) values (512,3,'5938BER',9140);
insert into cars(id,model_id,numberplate,price) values (513,5,'8560TRZ',31485);
insert into cars(id,model_id,numberplate,price) values (514,3,'6287ROV',32812);
insert into cars(id,model_id,numberplate,price) values (515,5,'8461COH',41560);
insert into cars(id,model_id,numberplate,price) values (516,5,'2865BCF',27459);
insert into cars(id,model_id,numberplate,price) values (517,2,'5389MUQ',12754);
insert into cars(id,model_id,numberplate,price) values (518,4,'2794TMQ',22824);
insert into cars(id,model_id,numberplate,price) values (519,3,'2365RGK',27599);
insert into cars(id,model_id,numberplate,price) values (520,4,'2042TFF',29087);
insert into cars(id,model_id,numberplate,price) values (521,1,'8654LGT',37500);
insert into cars(id,model_id,numberplate,price) values (522,5,'7565CIM',9365);
insert into cars(id,model_id,numberplate,price) values (523,5,'6231BCX',34120);
insert into cars(id,model_id,numberplate,price) values (524,1,'9807KBD',17944);
insert into cars(id,model_id,numberplate,price) values (525,3,'1998FWA',15109);
insert into cars(id,model_id,numberplate,price) values (526,5,'2871VJK',11649);
insert into cars(id,model_id,numberplate,price) values (527,4,'8452XXN',27983);
insert into cars(id,model_id,numberplate,price) values (528,1,'3013ZSA',15821);
insert into cars(id,model_id,numberplate,price) values (529,5,'4889ZUE',42639);
insert into cars(id,model_id,numberplate,price) values (530,2,'9098FIV',5622);
insert into cars(id,model_id,numberplate,price) values (531,5,'6517YCK',38495);
insert into cars(id,model_id,numberplate,price) values (532,4,'3747WDR',44452);
insert into cars(id,model_id,numberplate,price) values (533,1,'9086QYM',21003);
insert into cars(id,model_id,numberplate,price) values (534,4,'1396MLB',5328);
insert into cars(id,model_id,numberplate,price) values (535,3,'7484QZM',29070);
insert into cars(id,model_id,numberplate,price) values (536,1,'8218ILU',29789);
insert into cars(id,model_id,numberplate,price) values (537,4,'6284RKP',2715);
insert into cars(id,model_id,numberplate,price) values (538,1,'2675JAR',9047);
insert into cars(id,model_id,numberplate,price) values (539,2,'6759IWM',8092);
insert into cars(id,model_id,numberplate,price) values (540,4,'4850IWP',32340);
insert into cars(id,model_id,numberplate,price) values (541,5,'6516VHE',32521);
insert into cars(id,model_id,numberplate,price) values (542,3,'6517WII',18296);
insert into cars(id,model_id,numberplate,price) values (543,1,'5971COR',35668);
insert into cars(id,model_id,numberplate,price) values (544,3,'3673TUT',39520);
insert into cars(id,model_id,numberplate,price) values (545,4,'4494AYN',14374);
insert into cars(id,model_id,numberplate,price) values (546,4,'6766IHH',995);
insert into cars(id,model_id,numberplate,price) values (547,4,'6391QBB',14170);
insert into cars(id,model_id,numberplate,price) values (548,3,'3607LAC',27539);
insert into cars(id,model_id,numberplate,price) values (549,5,'1046UJK',23358);
insert into cars(id,model_id,numberplate,price) values (550,3,'9218YVM',10837);
insert into cars(id,model_id,numberplate,price) values (551,2,'6798GEJ',5989);
insert into cars(id,model_id,numberplate,price) values (552,4,'2573CVM',39764);
insert into cars(id,model_id,numberplate,price) values (553,1,'3532PTL',29596);
insert into cars(id,model_id,numberplate,price) values (554,3,'6176EOW',25278);
insert into cars(id,model_id,numberplate,price) values (555,1,'1150SHD',30217);
insert into cars(id,model_id,numberplate,price) values (556,1,'3060XYZ',4957);
insert into cars(id,model_id,numberplate,price) values (557,1,'2750UNR',26902);
insert into cars(id,model_id,numberplate,price) values (558,4,'2248XMA',23434);
insert into cars(id,model_id,numberplate,price) values (559,2,'8286ZJX',13165);
insert into cars(id,model_id,numberplate,price) values (560,4,'8429JXV',21730);
insert into cars(id,model_id,numberplate,price) values (561,3,'5245QXA',42165);
insert into cars(id,model_id,numberplate,price) values (562,2,'1029HQN',23353);
insert into cars(id,model_id,numberplate,price) values (563,4,'1465HDM',35662);
insert into cars(id,model_id,numberplate,price) values (564,4,'5026VOV',12203);
insert into cars(id,model_id,numberplate,price) values (565,5,'7206KOT',40394);
insert into cars(id,model_id,numberplate,price) values (566,1,'2337LRR',28222);
insert into cars(id,model_id,numberplate,price) values (567,1,'4172YPQ',34676);
insert into cars(id,model_id,numberplate,price) values (568,1,'6611MVB',2925);
insert into cars(id,model_id,numberplate,price) values (569,4,'3282TCI',17280);
insert into cars(id,model_id,numberplate,price) values (570,4,'9637ZLI',31968);
insert into cars(id,model_id,numberplate,price) values (571,5,'6847IHA',19387);
insert into cars(id,model_id,numberplate,price) values (572,2,'9160LOK',21086);
insert into cars(id,model_id,numberplate,price) values (573,2,'8743JPL',21982);
insert into cars(id,model_id,numberplate,price) values (574,1,'2236CCN',36444);
insert into cars(id,model_id,numberplate,price) values (575,4,'4650CPM',19391);
insert into cars(id,model_id,numberplate,price) values (576,3,'6786IRD',36206);
insert into cars(id,model_id,numberplate,price) values (577,3,'3991GWC',23767);
insert into cars(id,model_id,numberplate,price) values (578,1,'6029AKW',20231);
insert into cars(id,model_id,numberplate,price) values (579,4,'5303RWP',23239);
insert into cars(id,model_id,numberplate,price) values (580,5,'5681MKB',5474);
insert into cars(id,model_id,numberplate,price) values (581,4,'2646EAY',8309);
insert into cars(id,model_id,numberplate,price) values (582,4,'8486TSY',26887);
insert into cars(id,model_id,numberplate,price) values (583,1,'3069OZY',5524);
insert into cars(id,model_id,numberplate,price) values (584,1,'5151CYZ',36403);
insert into cars(id,model_id,numberplate,price) values (585,1,'6747MTT',41303);
insert into cars(id,model_id,numberplate,price) values (586,2,'5252EQY',5461);
insert into cars(id,model_id,numberplate,price) values (587,3,'7390CUX',40443);
insert into cars(id,model_id,numberplate,price) values (588,2,'3014OUT',7319);
insert into cars(id,model_id,numberplate,price) values (589,1,'4116MFD',14748);
insert into cars(id,model_id,numberplate,price) values (590,1,'7591RBU',19439);
insert into cars(id,model_id,numberplate,price) values (591,2,'5295TUV',4341);
insert into cars(id,model_id,numberplate,price) values (592,4,'4469HJA',30509);
insert into cars(id,model_id,numberplate,price) values (593,3,'6517QIQ',9945);
insert into cars(id,model_id,numberplate,price) values (594,3,'5266VNU',10601);
insert into cars(id,model_id,numberplate,price) values (595,2,'6759YID',36382);
insert into cars(id,model_id,numberplate,price) values (596,4,'7426HFO',1578);
insert into cars(id,model_id,numberplate,price) values (597,1,'4201BKG',26519);
insert into cars(id,model_id,numberplate,price) values (598,1,'8963SJQ',17640);
insert into cars(id,model_id,numberplate,price) values (599,1,'2731NQN',38468);
insert into cars(id,model_id,numberplate,price) values (600,2,'1433VAE',9278);
insert into cars(id,model_id,numberplate,price) values (601,5,'8078UKV',30606);
insert into cars(id,model_id,numberplate,price) values (602,3,'1213DOF',25512);
insert into cars(id,model_id,numberplate,price) values (603,5,'4085USA',40287);
insert into cars(id,model_id,numberplate,price) values (604,2,'7655LQZ',29273);
insert into cars(id,model_id,numberplate,price) values (605,2,'5882FHV',27064);
insert into cars(id,model_id,numberplate,price) values (606,3,'5581SGK',17767);
insert into cars(id,model_id,numberplate,price) values (607,5,'7491GDK',11528);
insert into cars(id,model_id,numberplate,price) values (608,1,'2604JXK',26183);
insert into cars(id,model_id,numberplate,price) values (609,2,'8498FXP',19711);
insert into cars(id,model_id,numberplate,price) values (610,2,'1706VUU',15002);
insert into cars(id,model_id,numberplate,price) values (611,1,'1918QAZ',368);
insert into cars(id,model_id,numberplate,price) values (612,2,'1732WZS',19661);
insert into cars(id,model_id,numberplate,price) values (613,3,'2770UNN',1691);
insert into cars(id,model_id,numberplate,price) values (614,2,'9818OHJ',6160);
insert into cars(id,model_id,numberplate,price) values (615,2,'6776CMB',35525);
insert into cars(id,model_id,numberplate,price) values (616,2,'7227YEO',13173);
insert into cars(id,model_id,numberplate,price) values (617,2,'9185PRY',39749);
insert into cars(id,model_id,numberplate,price) values (618,1,'6066DLR',10232);
insert into cars(id,model_id,numberplate,price) values (619,1,'1911ZGE',39368);
insert into cars(id,model_id,numberplate,price) values (620,4,'2181WUH',15081);
insert into cars(id,model_id,numberplate,price) values (621,5,'8112HDE',29622);
insert into cars(id,model_id,numberplate,price) values (622,2,'8071SHB',31681);
insert into cars(id,model_id,numberplate,price) values (623,1,'7864EDD',44561);
insert into cars(id,model_id,numberplate,price) values (624,3,'3168RVL',33162);
insert into cars(id,model_id,numberplate,price) values (625,2,'6238KHT',40528);
insert into cars(id,model_id,numberplate,price) values (626,2,'5518PRD',42652);
insert into cars(id,model_id,numberplate,price) values (627,5,'1727ZYP',14026);
insert into cars(id,model_id,numberplate,price) values (628,2,'5302AHT',2952);
insert into cars(id,model_id,numberplate,price) values (629,1,'9126ZYS',20542);
insert into cars(id,model_id,numberplate,price) values (630,3,'8730WQQ',5270);
insert into cars(id,model_id,numberplate,price) values (631,5,'6468KCR',35541);
insert into cars(id,model_id,numberplate,price) values (632,2,'5869OAX',18137);
insert into cars(id,model_id,numberplate,price) values (633,1,'8102VVK',27806);
insert into cars(id,model_id,numberplate,price) values (634,5,'4991LIH',216);
insert into cars(id,model_id,numberplate,price) values (635,1,'7005OCH',15101);
insert into cars(id,model_id,numberplate,price) values (636,2,'7217UUH',10182);
insert into cars(id,model_id,numberplate,price) values (637,5,'6684ZWA',21274);
insert into cars(id,model_id,numberplate,price) values (638,3,'2024KEY',1566);
insert into cars(id,model_id,numberplate,price) values (639,1,'2154XNY',35258);
insert into cars(id,model_id,numberplate,price) values (640,1,'9555WEM',43555);
insert into cars(id,model_id,numberplate,price) values (641,3,'2241RCD',43932);
insert into cars(id,model_id,numberplate,price) values (642,1,'2804YBE',30527);
insert into cars(id,model_id,numberplate,price) values (643,2,'8794UBU',19136);
insert into cars(id,model_id,numberplate,price) values (644,4,'7990BXH',43133);
insert into cars(id,model_id,numberplate,price) values (645,5,'9425JVW',4933);
insert into cars(id,model_id,numberplate,price) values (646,1,'2173YAH',13495);
insert into cars(id,model_id,numberplate,price) values (647,3,'4374YLF',12748);
insert into cars(id,model_id,numberplate,price) values (648,4,'7678BGH',40193);
insert into cars(id,model_id,numberplate,price) values (649,1,'6562BSP',18516);
insert into cars(id,model_id,numberplate,price) values (650,4,'9664AFM',16543);
insert into cars(id,model_id,numberplate,price) values (651,3,'5207MVX',22477);
insert into cars(id,model_id,numberplate,price) values (652,2,'1036BHY',14842);
insert into cars(id,model_id,numberplate,price) values (653,1,'6421DKN',10274);
insert into cars(id,model_id,numberplate,price) values (654,5,'5000TFF',4050);
insert into cars(id,model_id,numberplate,price) values (655,1,'8575YGJ',14337);
insert into cars(id,model_id,numberplate,price) values (656,1,'6388VDF',24045);
insert into cars(id,model_id,numberplate,price) values (657,4,'7277VHR',38977);
insert into cars(id,model_id,numberplate,price) values (658,4,'6907HER',17560);
insert into cars(id,model_id,numberplate,price) values (659,5,'2153PQI',22984);
insert into cars(id,model_id,numberplate,price) values (660,2,'5302ZSS',27418);
insert into cars(id,model_id,numberplate,price) values (661,5,'6604JSS',27239);
insert into cars(id,model_id,numberplate,price) values (662,5,'9912LOW',1044);
insert into cars(id,model_id,numberplate,price) values (663,3,'1874BPU',21841);
insert into cars(id,model_id,numberplate,price) values (664,5,'7943TXE',16519);
insert into cars(id,model_id,numberplate,price) values (665,1,'1270AYD',6865);
insert into cars(id,model_id,numberplate,price) values (666,2,'8188WOY',33712);
insert into cars(id,model_id,numberplate,price) values (667,3,'7818JCV',37906);
insert into cars(id,model_id,numberplate,price) values (668,4,'5194BCV',29757);
insert into cars(id,model_id,numberplate,price) values (669,4,'1317BED',23904);
insert into cars(id,model_id,numberplate,price) values (670,5,'8204ISX',33008);
insert into cars(id,model_id,numberplate,price) values (671,2,'9601EWC',37998);
insert into cars(id,model_id,numberplate,price) values (672,1,'5300KIL',7932);
insert into cars(id,model_id,numberplate,price) values (673,3,'3839ZGD',14694);
insert into cars(id,model_id,numberplate,price) values (674,1,'5529CZZ',41587);
insert into cars(id,model_id,numberplate,price) values (675,4,'7671QKE',29559);
insert into cars(id,model_id,numberplate,price) values (676,2,'5653VLG',1257);
insert into cars(id,model_id,numberplate,price) values (677,1,'1001OHZ',40138);
insert into cars(id,model_id,numberplate,price) values (678,1,'6227AZE',19781);
insert into cars(id,model_id,numberplate,price) values (679,2,'2894CXX',38112);
insert into cars(id,model_id,numberplate,price) values (680,5,'5620DBV',30631);
insert into cars(id,model_id,numberplate,price) values (681,1,'2124PQR',35223);
insert into cars(id,model_id,numberplate,price) values (682,2,'4462IAI',36391);
insert into cars(id,model_id,numberplate,price) values (683,2,'8617KAQ',43832);
insert into cars(id,model_id,numberplate,price) values (684,4,'7338VGV',31480);
insert into cars(id,model_id,numberplate,price) values (685,2,'5700EAP',20194);
insert into cars(id,model_id,numberplate,price) values (686,5,'9230ZDW',41181);
insert into cars(id,model_id,numberplate,price) values (687,4,'6667QDI',23565);
insert into cars(id,model_id,numberplate,price) values (688,5,'2645JMA',39022);
insert into cars(id,model_id,numberplate,price) values (689,3,'2452FKO',31961);
insert into cars(id,model_id,numberplate,price) values (690,1,'1313LCC',32279);
insert into cars(id,model_id,numberplate,price) values (691,2,'8351MWS',3253);
insert into cars(id,model_id,numberplate,price) values (692,1,'1600ELV',20785);
insert into cars(id,model_id,numberplate,price) values (693,1,'8851SBF',38865);
insert into cars(id,model_id,numberplate,price) values (694,1,'6165WLV',3119);
insert into cars(id,model_id,numberplate,price) values (695,4,'3835FMJ',37508);
insert into cars(id,model_id,numberplate,price) values (696,1,'1425OLS',19722);
insert into cars(id,model_id,numberplate,price) values (697,5,'2600YHK',9658);
insert into cars(id,model_id,numberplate,price) values (698,1,'4909LMB',40200);
insert into cars(id,model_id,numberplate,price) values (699,5,'3553XMR',38549);
insert into cars(id,model_id,numberplate,price) values (700,3,'9223VXM',24132);
insert into cars(id,model_id,numberplate,price) values (701,1,'2362UCU',1422);
insert into cars(id,model_id,numberplate,price) values (702,1,'7040QUE',16723);
insert into cars(id,model_id,numberplate,price) values (703,4,'9571AFC',21880);
insert into cars(id,model_id,numberplate,price) values (704,3,'8171LHB',22733);
insert into cars(id,model_id,numberplate,price) values (705,2,'5394YGD',13083);
insert into cars(id,model_id,numberplate,price) values (706,3,'3532JRW',11531);
insert into cars(id,model_id,numberplate,price) values (707,1,'2290XZN',41085);
insert into cars(id,model_id,numberplate,price) values (708,1,'4019FYT',32171);
insert into cars(id,model_id,numberplate,price) values (709,5,'2732GWJ',19624);
insert into cars(id,model_id,numberplate,price) values (710,5,'8167DFZ',36170);
insert into cars(id,model_id,numberplate,price) values (711,2,'1528KVB',3835);
insert into cars(id,model_id,numberplate,price) values (712,1,'4802KAJ',10249);
insert into cars(id,model_id,numberplate,price) values (713,3,'9493WAW',40119);
insert into cars(id,model_id,numberplate,price) values (714,4,'7390LGF',1413);
insert into cars(id,model_id,numberplate,price) values (715,5,'4495SKB',28897);
insert into cars(id,model_id,numberplate,price) values (716,3,'2675JSN',16523);
insert into cars(id,model_id,numberplate,price) values (717,4,'8099GLL',15757);
insert into cars(id,model_id,numberplate,price) values (718,2,'6734BKD',42694);
insert into cars(id,model_id,numberplate,price) values (719,4,'9553VDR',41949);
insert into cars(id,model_id,numberplate,price) values (720,4,'9771GSL',34996);
insert into cars(id,model_id,numberplate,price) values (721,5,'6069QFO',19821);
insert into cars(id,model_id,numberplate,price) values (722,4,'5274CMS',10292);
insert into cars(id,model_id,numberplate,price) values (723,4,'9084MMI',39481);
insert into cars(id,model_id,numberplate,price) values (724,2,'4306AQL',30888);
insert into cars(id,model_id,numberplate,price) values (725,2,'4416STT',41257);
insert into cars(id,model_id,numberplate,price) values (726,3,'6314BQW',6176);
insert into cars(id,model_id,numberplate,price) values (727,3,'5328XVV',29411);
insert into cars(id,model_id,numberplate,price) values (728,2,'1970LQZ',21188);
insert into cars(id,model_id,numberplate,price) values (729,2,'3751NAB',20637);
insert into cars(id,model_id,numberplate,price) values (730,5,'6947JOP',5602);
insert into cars(id,model_id,numberplate,price) values (731,3,'2820COD',40018);
insert into cars(id,model_id,numberplate,price) values (732,2,'8783PDZ',44159);
insert into cars(id,model_id,numberplate,price) values (733,2,'3871AVB',11715);
insert into cars(id,model_id,numberplate,price) values (734,4,'6597ICH',42151);
insert into cars(id,model_id,numberplate,price) values (735,2,'6975XBU',41246);
insert into cars(id,model_id,numberplate,price) values (736,1,'8715YZF',37232);
insert into cars(id,model_id,numberplate,price) values (737,5,'8725NIG',18546);
insert into cars(id,model_id,numberplate,price) values (738,4,'2884SMF',18836);
insert into cars(id,model_id,numberplate,price) values (739,5,'2586GCV',43973);
insert into cars(id,model_id,numberplate,price) values (740,3,'8036HIX',39191);
insert into cars(id,model_id,numberplate,price) values (741,4,'6403NRX',15466);
insert into cars(id,model_id,numberplate,price) values (742,2,'2030PIA',14907);
insert into cars(id,model_id,numberplate,price) values (743,1,'8138FVB',30567);
insert into cars(id,model_id,numberplate,price) values (744,2,'6328GOV',3010);
insert into cars(id,model_id,numberplate,price) values (745,4,'1699DDZ',10066);
insert into cars(id,model_id,numberplate,price) values (746,2,'8075GGB',27596);
insert into cars(id,model_id,numberplate,price) values (747,4,'4380MNI',33319);
insert into cars(id,model_id,numberplate,price) values (748,1,'1693BLE',38494);
insert into cars(id,model_id,numberplate,price) values (749,1,'4520IMO',17653);
insert into cars(id,model_id,numberplate,price) values (750,3,'1213DHS',39621);
insert into cars(id,model_id,numberplate,price) values (751,5,'7477AQM',20360);
insert into cars(id,model_id,numberplate,price) values (752,4,'8140ZNB',5755);
insert into cars(id,model_id,numberplate,price) values (753,4,'1972LSZ',30842);
insert into cars(id,model_id,numberplate,price) values (754,2,'7989LLN',21609);
insert into cars(id,model_id,numberplate,price) values (755,4,'5922HES',37869);
insert into cars(id,model_id,numberplate,price) values (756,1,'5507IGF',12042);
insert into cars(id,model_id,numberplate,price) values (757,5,'4963CSW',17794);
insert into cars(id,model_id,numberplate,price) values (758,4,'2474HGG',35115);
insert into cars(id,model_id,numberplate,price) values (759,1,'5569DVU',31309);
insert into cars(id,model_id,numberplate,price) values (760,3,'9044QFW',2818);
insert into cars(id,model_id,numberplate,price) values (761,5,'4289OJD',9448);
insert into cars(id,model_id,numberplate,price) values (762,3,'4728LTP',33950);
insert into cars(id,model_id,numberplate,price) values (763,1,'3271ANV',31989);
insert into cars(id,model_id,numberplate,price) values (764,5,'6431BYT',17106);
insert into cars(id,model_id,numberplate,price) values (765,4,'3202BDF',35355);
insert into cars(id,model_id,numberplate,price) values (766,5,'5414TWI',20437);
insert into cars(id,model_id,numberplate,price) values (767,4,'7902JPC',28166);
insert into cars(id,model_id,numberplate,price) values (768,3,'6766ZOG',42682);
insert into cars(id,model_id,numberplate,price) values (769,2,'9922LKU',30672);
insert into cars(id,model_id,numberplate,price) values (770,2,'3645VTS',7266);
insert into cars(id,model_id,numberplate,price) values (771,5,'7222ODW',28376);
insert into cars(id,model_id,numberplate,price) values (772,5,'9100QKD',27116);
insert into cars(id,model_id,numberplate,price) values (773,5,'6636BSR',22866);
insert into cars(id,model_id,numberplate,price) values (774,3,'6394OHQ',21066);
insert into cars(id,model_id,numberplate,price) values (775,4,'1428IWE',2453);
insert into cars(id,model_id,numberplate,price) values (776,5,'6929JQH',35716);
insert into cars(id,model_id,numberplate,price) values (777,2,'6255KYR',19012);
insert into cars(id,model_id,numberplate,price) values (778,4,'9942IXX',28775);
insert into cars(id,model_id,numberplate,price) values (779,4,'2540ENP',30712);
insert into cars(id,model_id,numberplate,price) values (780,1,'5537SMI',10533);
insert into cars(id,model_id,numberplate,price) values (781,2,'5506SNI',20846);
insert into cars(id,model_id,numberplate,price) values (782,2,'5537FQX',25588);
insert into cars(id,model_id,numberplate,price) values (783,3,'2211RUI',22427);
insert into cars(id,model_id,numberplate,price) values (784,1,'9745RAG',17379);
insert into cars(id,model_id,numberplate,price) values (785,1,'2186ZLG',19726);
insert into cars(id,model_id,numberplate,price) values (786,5,'5341RFH',23322);
insert into cars(id,model_id,numberplate,price) values (787,1,'1012XPI',4150);
insert into cars(id,model_id,numberplate,price) values (788,3,'2380ZVA',10841);
insert into cars(id,model_id,numberplate,price) values (789,5,'2653EEB',40939);
insert into cars(id,model_id,numberplate,price) values (790,3,'8361GXA',15781);
insert into cars(id,model_id,numberplate,price) values (791,4,'7150UQA',34187);
insert into cars(id,model_id,numberplate,price) values (792,3,'3034UTD',233);
insert into cars(id,model_id,numberplate,price) values (793,1,'6648ONX',16335);
insert into cars(id,model_id,numberplate,price) values (794,5,'1140ISL',8289);
insert into cars(id,model_id,numberplate,price) values (795,2,'6511GXR',43035);
insert into cars(id,model_id,numberplate,price) values (796,4,'5567EWS',43861);
insert into cars(id,model_id,numberplate,price) values (797,3,'5975CXF',42979);
insert into cars(id,model_id,numberplate,price) values (798,4,'4540ECR',2408);
insert into cars(id,model_id,numberplate,price) values (799,2,'7772TUJ',6611);
insert into cars(id,model_id,numberplate,price) values (800,3,'6951CYX',28345);
insert into cars(id,model_id,numberplate,price) values (801,2,'7508QUJ',17400);
insert into cars(id,model_id,numberplate,price) values (802,4,'3745WKX',8197);
insert into cars(id,model_id,numberplate,price) values (803,3,'7432UAU',30509);
insert into cars(id,model_id,numberplate,price) values (804,2,'1694QZK',25774);
insert into cars(id,model_id,numberplate,price) values (805,1,'9936HZB',34955);
insert into cars(id,model_id,numberplate,price) values (806,2,'5153EKS',20472);
insert into cars(id,model_id,numberplate,price) values (807,2,'6243NKC',39236);
insert into cars(id,model_id,numberplate,price) values (808,2,'3669UUG',23284);
insert into cars(id,model_id,numberplate,price) values (809,3,'2528PSL',38179);
insert into cars(id,model_id,numberplate,price) values (810,5,'4103IXJ',25974);
insert into cars(id,model_id,numberplate,price) values (811,1,'3978ZMX',29782);
insert into cars(id,model_id,numberplate,price) values (812,4,'4174CNZ',20359);
insert into cars(id,model_id,numberplate,price) values (813,3,'5262LHA',3707);
insert into cars(id,model_id,numberplate,price) values (814,1,'1258HOB',25030);
insert into cars(id,model_id,numberplate,price) values (815,1,'6230LJE',43561);
insert into cars(id,model_id,numberplate,price) values (816,3,'9255IAU',24828);
insert into cars(id,model_id,numberplate,price) values (817,1,'4630PIW',8295);
insert into cars(id,model_id,numberplate,price) values (818,4,'6889GZM',36646);
insert into cars(id,model_id,numberplate,price) values (819,1,'1727VBC',11117);
insert into cars(id,model_id,numberplate,price) values (820,3,'4603PCB',24958);
insert into cars(id,model_id,numberplate,price) values (821,4,'7159OPQ',33657);
insert into cars(id,model_id,numberplate,price) values (822,5,'2155VQU',18767);
insert into cars(id,model_id,numberplate,price) values (823,5,'7299UVR',3339);
insert into cars(id,model_id,numberplate,price) values (824,5,'1868INL',23684);
insert into cars(id,model_id,numberplate,price) values (825,4,'6029CIF',33124);
insert into cars(id,model_id,numberplate,price) values (826,1,'5589BDW',22418);
insert into cars(id,model_id,numberplate,price) values (827,3,'5313NRH',36855);
insert into cars(id,model_id,numberplate,price) values (828,3,'7414UQL',24057);
insert into cars(id,model_id,numberplate,price) values (829,5,'6460PQZ',989);
insert into cars(id,model_id,numberplate,price) values (830,5,'7594NTW',1027);
insert into cars(id,model_id,numberplate,price) values (831,3,'4450LPO',10937);
insert into cars(id,model_id,numberplate,price) values (832,5,'9323NUJ',38580);
insert into cars(id,model_id,numberplate,price) values (833,3,'2368ZHU',14238);
insert into cars(id,model_id,numberplate,price) values (834,1,'9941FKH',28757);
insert into cars(id,model_id,numberplate,price) values (835,3,'9286CVQ',2409);
insert into cars(id,model_id,numberplate,price) values (836,3,'3025YEK',2877);
insert into cars(id,model_id,numberplate,price) values (837,2,'4089BZC',36596);
insert into cars(id,model_id,numberplate,price) values (838,5,'9309KYC',26275);
insert into cars(id,model_id,numberplate,price) values (839,1,'5119JQL',42014);
insert into cars(id,model_id,numberplate,price) values (840,1,'3331XYW',37919);
insert into cars(id,model_id,numberplate,price) values (841,1,'1815KCP',39528);
insert into cars(id,model_id,numberplate,price) values (842,2,'3079SCO',42841);
insert into cars(id,model_id,numberplate,price) values (843,3,'9594DFU',36455);
insert into cars(id,model_id,numberplate,price) values (844,2,'7068WGT',44629);
insert into cars(id,model_id,numberplate,price) values (845,2,'5763UAI',16039);
insert into cars(id,model_id,numberplate,price) values (846,5,'8487QVL',38448);
insert into cars(id,model_id,numberplate,price) values (847,4,'8139AXY',6377);
insert into cars(id,model_id,numberplate,price) values (848,2,'2989SUY',37433);
insert into cars(id,model_id,numberplate,price) values (849,2,'2498TEX',13800);
insert into cars(id,model_id,numberplate,price) values (850,3,'5210WQR',37480);
insert into cars(id,model_id,numberplate,price) values (851,5,'1575KMW',30486);
insert into cars(id,model_id,numberplate,price) values (852,1,'3168UWF',21015);
insert into cars(id,model_id,numberplate,price) values (853,2,'9170ULG',19869);
insert into cars(id,model_id,numberplate,price) values (854,3,'5248TCM',5280);
insert into cars(id,model_id,numberplate,price) values (855,4,'4578HOT',6199);
insert into cars(id,model_id,numberplate,price) values (856,2,'3167YWU',11126);
insert into cars(id,model_id,numberplate,price) values (857,4,'4439BHO',38898);
insert into cars(id,model_id,numberplate,price) values (858,2,'2032XGT',40070);
insert into cars(id,model_id,numberplate,price) values (859,5,'4894XVP',5925);
insert into cars(id,model_id,numberplate,price) values (860,5,'7109VZS',22242);
insert into cars(id,model_id,numberplate,price) values (861,5,'6752MDA',12207);
insert into cars(id,model_id,numberplate,price) values (862,5,'2477HDR',886);
insert into cars(id,model_id,numberplate,price) values (863,4,'4833KTH',4617);
insert into cars(id,model_id,numberplate,price) values (864,1,'7373HEF',15217);
insert into cars(id,model_id,numberplate,price) values (865,2,'9379SPA',10355);
insert into cars(id,model_id,numberplate,price) values (866,1,'5012WPP',6731);
insert into cars(id,model_id,numberplate,price) values (867,5,'8637QVT',44006);
insert into cars(id,model_id,numberplate,price) values (868,5,'4034KKA',41665);
insert into cars(id,model_id,numberplate,price) values (869,3,'9990ANS',39286);
insert into cars(id,model_id,numberplate,price) values (870,5,'3904ZJC',26372);
insert into cars(id,model_id,numberplate,price) values (871,1,'9325CTW',36042);
insert into cars(id,model_id,numberplate,price) values (872,3,'9039AMY',27631);
insert into cars(id,model_id,numberplate,price) values (873,3,'8167FYD',9807);
insert into cars(id,model_id,numberplate,price) values (874,4,'8416YLG',41664);
insert into cars(id,model_id,numberplate,price) values (875,4,'1330ICW',8607);
insert into cars(id,model_id,numberplate,price) values (876,1,'4227UUL',28104);
insert into cars(id,model_id,numberplate,price) values (877,4,'1757UKS',43614);
insert into cars(id,model_id,numberplate,price) values (878,3,'9452SEA',38986);
insert into cars(id,model_id,numberplate,price) values (879,2,'4020PEO',5770);
insert into cars(id,model_id,numberplate,price) values (880,3,'2108QIJ',10013);
insert into cars(id,model_id,numberplate,price) values (881,1,'5021CRQ',32201);
insert into cars(id,model_id,numberplate,price) values (882,4,'1700YID',12102);
insert into cars(id,model_id,numberplate,price) values (883,4,'8770KVD',38737);
insert into cars(id,model_id,numberplate,price) values (884,5,'9979GHR',38746);
insert into cars(id,model_id,numberplate,price) values (885,5,'4395IDA',1654);
insert into cars(id,model_id,numberplate,price) values (886,3,'6665IWY',4052);
insert into cars(id,model_id,numberplate,price) values (887,1,'8072JVR',5366);
insert into cars(id,model_id,numberplate,price) values (888,3,'5803SHD',28191);
insert into cars(id,model_id,numberplate,price) values (889,5,'6248EIN',39443);
insert into cars(id,model_id,numberplate,price) values (890,2,'1990QUF',10934);
insert into cars(id,model_id,numberplate,price) values (891,3,'2384MXA',12902);
insert into cars(id,model_id,numberplate,price) values (892,4,'5503FAR',1691);
insert into cars(id,model_id,numberplate,price) values (893,3,'9430XHF',14313);
insert into cars(id,model_id,numberplate,price) values (894,2,'2220DQD',9181);
insert into cars(id,model_id,numberplate,price) values (895,3,'1078KLB',1234);
insert into cars(id,model_id,numberplate,price) values (896,3,'3902FLX',20166);
insert into cars(id,model_id,numberplate,price) values (897,2,'5373DHB',2821);
insert into cars(id,model_id,numberplate,price) values (898,1,'1622TZS',27629);
insert into cars(id,model_id,numberplate,price) values (899,5,'3262MQY',20850);
insert into cars(id,model_id,numberplate,price) values (900,4,'3899JCQ',10558);
insert into cars(id,model_id,numberplate,price) values (901,5,'4802NAM',19298);
insert into cars(id,model_id,numberplate,price) values (902,5,'8356VRG',8750);
insert into cars(id,model_id,numberplate,price) values (903,4,'4991HZO',23596);
insert into cars(id,model_id,numberplate,price) values (904,3,'7668XEG',10971);
insert into cars(id,model_id,numberplate,price) values (905,3,'9241ZFW',20035);
insert into cars(id,model_id,numberplate,price) values (906,3,'8925NWR',44438);
insert into cars(id,model_id,numberplate,price) values (907,1,'6514IUX',16133);
insert into cars(id,model_id,numberplate,price) values (908,4,'3913VFJ',4868);
insert into cars(id,model_id,numberplate,price) values (909,5,'5263LSH',36604);
insert into cars(id,model_id,numberplate,price) values (910,3,'5881QBF',12795);
insert into cars(id,model_id,numberplate,price) values (911,3,'5225IHB',436);
insert into cars(id,model_id,numberplate,price) values (912,3,'9978URQ',42033);
insert into cars(id,model_id,numberplate,price) values (913,1,'2074WPM',4057);
insert into cars(id,model_id,numberplate,price) values (914,5,'6811JHV',34060);
insert into cars(id,model_id,numberplate,price) values (915,2,'3858VBM',21485);
insert into cars(id,model_id,numberplate,price) values (916,2,'7076GZI',16036);
insert into cars(id,model_id,numberplate,price) values (917,1,'9903ZJH',31931);
insert into cars(id,model_id,numberplate,price) values (918,3,'1541XMO',1120);
insert into cars(id,model_id,numberplate,price) values (919,1,'1584YFX',3219);
insert into cars(id,model_id,numberplate,price) values (920,1,'1418POA',9124);
insert into cars(id,model_id,numberplate,price) values (921,4,'9388GMG',40112);
insert into cars(id,model_id,numberplate,price) values (922,3,'5153PAX',39123);
insert into cars(id,model_id,numberplate,price) values (923,2,'7910PIP',2565);
insert into cars(id,model_id,numberplate,price) values (924,3,'1687JVK',1215);
insert into cars(id,model_id,numberplate,price) values (925,1,'8046OWL',15141);
insert into cars(id,model_id,numberplate,price) values (926,1,'6245BXD',18150);
insert into cars(id,model_id,numberplate,price) values (927,3,'6631ZGG',41892);
insert into cars(id,model_id,numberplate,price) values (928,1,'1030TEM',25190);
insert into cars(id,model_id,numberplate,price) values (929,4,'2013QDW',19048);
insert into cars(id,model_id,numberplate,price) values (930,3,'5157FRK',38624);
insert into cars(id,model_id,numberplate,price) values (931,5,'7661NAK',25912);
insert into cars(id,model_id,numberplate,price) values (932,2,'6816EPK',14453);
insert into cars(id,model_id,numberplate,price) values (933,2,'3908WGU',20872);
insert into cars(id,model_id,numberplate,price) values (934,5,'4600ZAS',2641);
insert into cars(id,model_id,numberplate,price) values (935,3,'6474WYT',12930);
insert into cars(id,model_id,numberplate,price) values (936,2,'5125ABD',23604);
insert into cars(id,model_id,numberplate,price) values (937,3,'5078GIZ',15969);
insert into cars(id,model_id,numberplate,price) values (938,3,'2211JID',7017);
insert into cars(id,model_id,numberplate,price) values (939,5,'8536PEO',3615);
insert into cars(id,model_id,numberplate,price) values (940,2,'8565USJ',30401);
insert into cars(id,model_id,numberplate,price) values (941,1,'4323NKU',37680);
insert into cars(id,model_id,numberplate,price) values (942,1,'4955CAF',3039);
insert into cars(id,model_id,numberplate,price) values (943,3,'6721IQK',39130);
insert into cars(id,model_id,numberplate,price) values (944,5,'7391YLE',43549);
insert into cars(id,model_id,numberplate,price) values (945,4,'7288VAH',32918);
insert into cars(id,model_id,numberplate,price) values (946,2,'9293ZER',1377);
insert into cars(id,model_id,numberplate,price) values (947,5,'7606IMR',38607);
insert into cars(id,model_id,numberplate,price) values (948,5,'6358VWI',16003);
insert into cars(id,model_id,numberplate,price) values (949,5,'7119ZIN',2392);
insert into cars(id,model_id,numberplate,price) values (950,4,'9787IZE',4600);
insert into cars(id,model_id,numberplate,price) values (951,3,'5359VYS',17216);
insert into cars(id,model_id,numberplate,price) values (952,5,'2626PRU',25383);
insert into cars(id,model_id,numberplate,price) values (953,3,'2938AXG',3794);
insert into cars(id,model_id,numberplate,price) values (954,4,'4916YJD',19190);
insert into cars(id,model_id,numberplate,price) values (955,3,'9409JPX',14620);
insert into cars(id,model_id,numberplate,price) values (956,2,'2573RIU',30923);
insert into cars(id,model_id,numberplate,price) values (957,2,'9262HIC',3956);
insert into cars(id,model_id,numberplate,price) values (958,5,'2064SDR',27734);
insert into cars(id,model_id,numberplate,price) values (959,5,'1251LYW',42390);
insert into cars(id,model_id,numberplate,price) values (960,1,'9070ZEU',2716);
insert into cars(id,model_id,numberplate,price) values (961,2,'5313DRY',16054);
insert into cars(id,model_id,numberplate,price) values (962,5,'5113FVR',13078);
insert into cars(id,model_id,numberplate,price) values (963,4,'1033BKK',36565);
insert into cars(id,model_id,numberplate,price) values (964,5,'1507DFJ',394);
insert into cars(id,model_id,numberplate,price) values (965,5,'1843LYU',34777);
insert into cars(id,model_id,numberplate,price) values (966,3,'9303HXB',620);
insert into cars(id,model_id,numberplate,price) values (967,1,'4890YHX',2085);
insert into cars(id,model_id,numberplate,price) values (968,2,'8149WTI',21663);
insert into cars(id,model_id,numberplate,price) values (969,1,'3001GVN',26551);
insert into cars(id,model_id,numberplate,price) values (970,4,'6692ZNV',13607);
insert into cars(id,model_id,numberplate,price) values (971,4,'9000YUK',17817);
insert into cars(id,model_id,numberplate,price) values (972,1,'9774OHX',33772);
insert into cars(id,model_id,numberplate,price) values (973,1,'9602UYZ',5615);
insert into cars(id,model_id,numberplate,price) values (974,3,'2250AJQ',35485);
insert into cars(id,model_id,numberplate,price) values (975,5,'8340KPP',11899);
insert into cars(id,model_id,numberplate,price) values (976,3,'2954UPB',40917);
insert into cars(id,model_id,numberplate,price) values (977,5,'5719KTW',11185);
insert into cars(id,model_id,numberplate,price) values (978,5,'3791VXL',11149);
insert into cars(id,model_id,numberplate,price) values (979,1,'4699HNA',11909);
insert into cars(id,model_id,numberplate,price) values (980,3,'8097WKI',23696);
insert into cars(id,model_id,numberplate,price) values (981,2,'6934FVU',40853);
insert into cars(id,model_id,numberplate,price) values (982,4,'4102XKC',37047);
insert into cars(id,model_id,numberplate,price) values (983,2,'8704CDN',38484);
insert into cars(id,model_id,numberplate,price) values (984,2,'4494NYF',42911);
insert into cars(id,model_id,numberplate,price) values (985,5,'6033YWX',18749);
insert into cars(id,model_id,numberplate,price) values (986,4,'9336PEX',12377);
insert into cars(id,model_id,numberplate,price) values (987,4,'8413QQR',16759);
insert into cars(id,model_id,numberplate,price) values (988,4,'2335FAJ',33982);
insert into cars(id,model_id,numberplate,price) values (989,3,'7004DOW',38438);
insert into cars(id,model_id,numberplate,price) values (990,5,'4894PSH',20734);
insert into cars(id,model_id,numberplate,price) values (991,3,'5735VRI',2646);
insert into cars(id,model_id,numberplate,price) values (992,5,'5860OEE',4487);
insert into cars(id,model_id,numberplate,price) values (993,3,'3552PMZ',27816);
insert into cars(id,model_id,numberplate,price) values (994,2,'5000EQZ',3512);
insert into cars(id,model_id,numberplate,price) values (995,5,'6898HYK',18779);
insert into cars(id,model_id,numberplate,price) values (996,3,'9066XXE',2138);
insert into cars(id,model_id,numberplate,price) values (997,5,'6263CNR',13206);
insert into cars(id,model_id,numberplate,price) values (998,1,'7345CII',41924);
insert into cars(id,model_id,numberplate,price) values (999,1,'9781CRX',29447);
insert into cars(id,model_id,numberplate,price) values (1000,3,'3410PGQ',41613);
