insert into brands(id,descrip) values (1,'Abarth');
insert into brands(id,descrip) values (2,'Alfa Romeo');
insert into brands(id,descrip) values (3,'Aro');
insert into brands(id,descrip) values (4,'Asia');
insert into brands(id,descrip) values (5,'Asia Motors');
insert into brands(id,descrip) values (6,'Aston Martin');
insert into brands(id,descrip) values (7,'Audi');
insert into brands(id,descrip) values (8,'Austin');
insert into brands(id,descrip) values (9,'Auverland');
insert into brands(id,descrip) values (10,'Bentley');
insert into brands(id,descrip) values (11,'Bertone');
insert into brands(id,descrip) values (12,'Bmw');
insert into brands(id,descrip) values (13,'Cadillac');
insert into brands(id,descrip) values (14,'Chevrolet');
insert into brands(id,descrip) values (15,'Chrysler');
insert into brands(id,descrip) values (16,'Citroen');
insert into brands(id,descrip) values (17,'Corvette');
insert into brands(id,descrip) values (18,'Dacia');
insert into brands(id,descrip) values (19,'Daewoo');
insert into brands(id,descrip) values (20,'Daf');
insert into brands(id,descrip) values (21,'Daihatsu');
insert into brands(id,descrip) values (22,'Daimler');
insert into brands(id,descrip) values (23,'Dodge');
insert into brands(id,descrip) values (24,'Ferrari');
insert into brands(id,descrip) values (25,'Fiat');
insert into brands(id,descrip) values (26,'Ford');
insert into brands(id,descrip) values (27,'Galloper');
insert into brands(id,descrip) values (28,'Gmc');
insert into brands(id,descrip) values (29,'Honda');
insert into brands(id,descrip) values (30,'Hummer');
insert into brands(id,descrip) values (31,'Hyundai');
insert into brands(id,descrip) values (32,'Infiniti');
insert into brands(id,descrip) values (33,'Innocenti');
insert into brands(id,descrip) values (34,'Isuzu');
insert into brands(id,descrip) values (35,'Iveco');
insert into brands(id,descrip) values (36,'Iveco-pegaso');
insert into brands(id,descrip) values (37,'Jaguar');
insert into brands(id,descrip) values (38,'Jeep');
insert into brands(id,descrip) values (39,'Kia');
insert into brands(id,descrip) values (40,'Lada');
insert into brands(id,descrip) values (41,'Lamborghini');
insert into brands(id,descrip) values (42,'Lancia');
insert into brands(id,descrip) values (43,'Land-rover');
insert into brands(id,descrip) values (44,'Ldv');
insert into brands(id,descrip) values (45,'Lexus');
insert into brands(id,descrip) values (46,'Lotus');
insert into brands(id,descrip) values (47,'Mahindra');
insert into brands(id,descrip) values (48,'Maserati');
insert into brands(id,descrip) values (49,'Maybach');
insert into brands(id,descrip) values (50,'Mazda');
insert into brands(id,descrip) values (51,'Mercedes-benz');
insert into brands(id,descrip) values (52,'Mg');
insert into brands(id,descrip) values (53,'Mini');
insert into brands(id,descrip) values (54,'Mitsubishi');
insert into brands(id,descrip) values (55,'Morgan');
insert into brands(id,descrip) values (56,'Nissan');
insert into brands(id,descrip) values (57,'Opel');
insert into brands(id,descrip) values (58,'Peugeot');
insert into brands(id,descrip) values (59,'Pontiac');
insert into brands(id,descrip) values (60,'Porsche');
insert into brands(id,descrip) values (61,'Renault');
insert into brands(id,descrip) values (62,'Rolls-royce');
insert into brands(id,descrip) values (63,'Rover');
insert into brands(id,descrip) values (64,'Saab');
insert into brands(id,descrip) values (65,'Santana');
insert into brands(id,descrip) values (66,'Seat');
insert into brands(id,descrip) values (67,'Skoda');
insert into brands(id,descrip) values (68,'Smart');
insert into brands(id,descrip) values (69,'Ssangyong');
insert into brands(id,descrip) values (70,'Subaru');
insert into brands(id,descrip) values (71,'Suzuki');
insert into brands(id,descrip) values (72,'Talbot');
insert into brands(id,descrip) values (73,'Tata');
insert into brands(id,descrip) values (74,'Toyota');
insert into brands(id,descrip) values (75,'Umm');
insert into brands(id,descrip) values (76,'Vaz');
insert into brands(id,descrip) values (77,'Volkswagen');
insert into brands(id,descrip) values (78,'Volvo');
insert into brands(id,descrip) values (79,'Wartburg');

insert into models(id,brand_id,descrip) values (1,1,'500');
insert into models(id,brand_id,descrip) values (2,1,'Grande Punto');
insert into models(id,brand_id,descrip) values (3,1,'Punto Evo');
insert into models(id,brand_id,descrip) values (4,1,'500c');
insert into models(id,brand_id,descrip) values (5,1,'695');
insert into models(id,brand_id,descrip) values (6,1,'Punto');
insert into models(id,brand_id,descrip) values (7,2,'155');
insert into models(id,brand_id,descrip) values (8,2,'156');
insert into models(id,brand_id,descrip) values (9,2,'159');
insert into models(id,brand_id,descrip) values (10,2,'164');
insert into models(id,brand_id,descrip) values (11,2,'145');
insert into models(id,brand_id,descrip) values (12,2,'147');
insert into models(id,brand_id,descrip) values (13,2,'146');
insert into models(id,brand_id,descrip) values (14,2,'Gtv');
insert into models(id,brand_id,descrip) values (15,2,'Spider');
insert into models(id,brand_id,descrip) values (16,2,'166');
insert into models(id,brand_id,descrip) values (17,2,'Gt');
insert into models(id,brand_id,descrip) values (18,2,'Crosswagon');
insert into models(id,brand_id,descrip) values (19,2,'Brera');
insert into models(id,brand_id,descrip) values (20,2,'90');
insert into models(id,brand_id,descrip) values (21,2,'75');
insert into models(id,brand_id,descrip) values (22,2,'33');
insert into models(id,brand_id,descrip) values (23,2,'Giulietta');
insert into models(id,brand_id,descrip) values (24,2,'Sprint');
insert into models(id,brand_id,descrip) values (25,2,'Mito');
insert into models(id,brand_id,descrip) values (26,3,'Expander');
insert into models(id,brand_id,descrip) values (27,3,'10');
insert into models(id,brand_id,descrip) values (28,3,'24');
insert into models(id,brand_id,descrip) values (29,3,'Dacia');
insert into models(id,brand_id,descrip) values (30,4,'Rocsta');
insert into models(id,brand_id,descrip) values (31,5,'Rocsta');
insert into models(id,brand_id,descrip) values (32,6,'Db7');
insert into models(id,brand_id,descrip) values (33,6,'V8');
insert into models(id,brand_id,descrip) values (34,6,'Db9');
insert into models(id,brand_id,descrip) values (35,6,'Vanquish');
insert into models(id,brand_id,descrip) values (36,6,'V8 Vantage');
insert into models(id,brand_id,descrip) values (37,6,'Vantage');
insert into models(id,brand_id,descrip) values (38,6,'Dbs');
insert into models(id,brand_id,descrip) values (39,6,'Volante');
insert into models(id,brand_id,descrip) values (40,6,'Virage');
insert into models(id,brand_id,descrip) values (41,6,'Vantage V8');
insert into models(id,brand_id,descrip) values (42,6,'Vantage V12');
insert into models(id,brand_id,descrip) values (43,6,'Rapide');
insert into models(id,brand_id,descrip) values (44,6,'Cygnet');
insert into models(id,brand_id,descrip) values (45,7,'80');
insert into models(id,brand_id,descrip) values (46,7,'A4');
insert into models(id,brand_id,descrip) values (47,7,'A6');
insert into models(id,brand_id,descrip) values (48,7,'S6');
insert into models(id,brand_id,descrip) values (49,7,'Coupe');
insert into models(id,brand_id,descrip) values (50,7,'S2');
insert into models(id,brand_id,descrip) values (51,7,'Rs2');
insert into models(id,brand_id,descrip) values (52,7,'A8');
insert into models(id,brand_id,descrip) values (53,7,'Cabriolet');
insert into models(id,brand_id,descrip) values (54,7,'S8');
insert into models(id,brand_id,descrip) values (55,7,'A3');
insert into models(id,brand_id,descrip) values (56,7,'S4');
insert into models(id,brand_id,descrip) values (57,7,'Tt');
insert into models(id,brand_id,descrip) values (58,7,'S3');
insert into models(id,brand_id,descrip) values (59,7,'Allroad Quattro');
insert into models(id,brand_id,descrip) values (60,7,'Rs4');
insert into models(id,brand_id,descrip) values (61,7,'A2');
insert into models(id,brand_id,descrip) values (62,7,'Rs6');
insert into models(id,brand_id,descrip) values (63,7,'Q7');
insert into models(id,brand_id,descrip) values (64,7,'R8');
insert into models(id,brand_id,descrip) values (65,7,'A5');
insert into models(id,brand_id,descrip) values (66,7,'S5');
insert into models(id,brand_id,descrip) values (67,7,'V8');
insert into models(id,brand_id,descrip) values (68,7,'200');
insert into models(id,brand_id,descrip) values (69,7,'100');
insert into models(id,brand_id,descrip) values (70,7,'90');
insert into models(id,brand_id,descrip) values (71,7,'Tts');
insert into models(id,brand_id,descrip) values (72,7,'Q5');
insert into models(id,brand_id,descrip) values (73,7,'A4 Allroad Quattro');
insert into models(id,brand_id,descrip) values (74,7,'Tt Rs');
insert into models(id,brand_id,descrip) values (75,7,'Rs5');
insert into models(id,brand_id,descrip) values (76,7,'A1');
insert into models(id,brand_id,descrip) values (77,7,'A7');
insert into models(id,brand_id,descrip) values (78,7,'Rs3');
insert into models(id,brand_id,descrip) values (79,7,'Q3');
insert into models(id,brand_id,descrip) values (80,7,'A6 Allroad Quattro');
insert into models(id,brand_id,descrip) values (81,7,'S7');
insert into models(id,brand_id,descrip) values (82,7,'Sq5');
insert into models(id,brand_id,descrip) values (83,8,'Mini');
insert into models(id,brand_id,descrip) values (84,8,'Montego');
insert into models(id,brand_id,descrip) values (85,8,'Maestro');
insert into models(id,brand_id,descrip) values (86,8,'Metro');
insert into models(id,brand_id,descrip) values (87,8,'Mini Moke');
insert into models(id,brand_id,descrip) values (88,9,'Diesel');
insert into models(id,brand_id,descrip) values (89,10,'Brooklands');
insert into models(id,brand_id,descrip) values (90,10,'Turbo');
insert into models(id,brand_id,descrip) values (91,10,'Continental');
insert into models(id,brand_id,descrip) values (92,10,'Azure');
insert into models(id,brand_id,descrip) values (93,10,'Arnage');
insert into models(id,brand_id,descrip) values (94,10,'Continental Gt');
insert into models(id,brand_id,descrip) values (95,10,'Continental Flying Spur');
insert into models(id,brand_id,descrip) values (96,10,'Turbo R');
insert into models(id,brand_id,descrip) values (97,10,'Mulsanne');
insert into models(id,brand_id,descrip) values (98,10,'Eight');
insert into models(id,brand_id,descrip) values (99,10,'Continental Gtc');
insert into models(id,brand_id,descrip) values (100,10,'Continental Supersports');
insert into models(id,brand_id,descrip) values (101,11,'Freeclimber Diesel');
insert into models(id,brand_id,descrip) values (102,12,'Serie 3');
insert into models(id,brand_id,descrip) values (103,12,'Serie 5');
insert into models(id,brand_id,descrip) values (104,12,'Compact');
insert into models(id,brand_id,descrip) values (105,12,'Serie 7');
insert into models(id,brand_id,descrip) values (106,12,'Serie 8');
insert into models(id,brand_id,descrip) values (107,12,'Z3');
insert into models(id,brand_id,descrip) values (108,12,'Z4');
insert into models(id,brand_id,descrip) values (109,12,'Z8');
insert into models(id,brand_id,descrip) values (110,12,'X5');
insert into models(id,brand_id,descrip) values (111,12,'Serie 6');
insert into models(id,brand_id,descrip) values (112,12,'X3');
insert into models(id,brand_id,descrip) values (113,12,'Serie 1');
insert into models(id,brand_id,descrip) values (114,12,'Z1');
insert into models(id,brand_id,descrip) values (115,12,'X6');
insert into models(id,brand_id,descrip) values (116,12,'X1');
insert into models(id,brand_id,descrip) values (117,13,'Seville');
insert into models(id,brand_id,descrip) values (118,13,'Sts');
insert into models(id,brand_id,descrip) values (119,13,'El Dorado');
insert into models(id,brand_id,descrip) values (120,13,'Cts');
insert into models(id,brand_id,descrip) values (121,13,'Xlr');
insert into models(id,brand_id,descrip) values (122,13,'Srx');
insert into models(id,brand_id,descrip) values (123,13,'Escalade');
insert into models(id,brand_id,descrip) values (124,13,'Bls');
insert into models(id,brand_id,descrip) values (125,14,'Corvette');
insert into models(id,brand_id,descrip) values (126,14,'Blazer');
insert into models(id,brand_id,descrip) values (127,14,'Astro');
insert into models(id,brand_id,descrip) values (128,14,'Nubira');
insert into models(id,brand_id,descrip) values (129,14,'Evanda');
insert into models(id,brand_id,descrip) values (130,14,'Trans Sport');
insert into models(id,brand_id,descrip) values (131,14,'Camaro');
insert into models(id,brand_id,descrip) values (132,14,'Matiz');
insert into models(id,brand_id,descrip) values (133,14,'Alero');
insert into models(id,brand_id,descrip) values (134,14,'Tahoe');
insert into models(id,brand_id,descrip) values (135,14,'Tacuma');
insert into models(id,brand_id,descrip) values (136,14,'Trailblazer');
insert into models(id,brand_id,descrip) values (137,14,'Kalos');
insert into models(id,brand_id,descrip) values (138,14,'Aveo');
insert into models(id,brand_id,descrip) values (139,14,'Lacetti');
insert into models(id,brand_id,descrip) values (140,14,'Epica');
insert into models(id,brand_id,descrip) values (141,14,'Captiva');
insert into models(id,brand_id,descrip) values (142,14,'Hhr');
insert into models(id,brand_id,descrip) values (143,14,'Cruze');
insert into models(id,brand_id,descrip) values (144,14,'Spark');
insert into models(id,brand_id,descrip) values (145,14,'Orlando');
insert into models(id,brand_id,descrip) values (146,14,'Volt');
insert into models(id,brand_id,descrip) values (147,14,'Malibu');
insert into models(id,brand_id,descrip) values (148,15,'Vision');
insert into models(id,brand_id,descrip) values (149,15,'300m');
insert into models(id,brand_id,descrip) values (150,15,'Grand Voyager');
insert into models(id,brand_id,descrip) values (151,15,'Viper');
insert into models(id,brand_id,descrip) values (152,15,'Neon');
insert into models(id,brand_id,descrip) values (153,15,'Voyager');
insert into models(id,brand_id,descrip) values (154,15,'Stratus');
insert into models(id,brand_id,descrip) values (155,15,'Sebring');
insert into models(id,brand_id,descrip) values (156,15,'Sebring 200c');
insert into models(id,brand_id,descrip) values (157,15,'New Yorker');
insert into models(id,brand_id,descrip) values (158,15,'Pt Cruiser');
insert into models(id,brand_id,descrip) values (159,15,'Crossfire');
insert into models(id,brand_id,descrip) values (160,15,'300c');
insert into models(id,brand_id,descrip) values (161,15,'Le Baron');
insert into models(id,brand_id,descrip) values (162,15,'Saratoga');
insert into models(id,brand_id,descrip) values (163,16,'Xantia');
insert into models(id,brand_id,descrip) values (164,16,'Xm');
insert into models(id,brand_id,descrip) values (165,16,'Ax');
insert into models(id,brand_id,descrip) values (166,16,'Zx');
insert into models(id,brand_id,descrip) values (167,16,'Evasion');
insert into models(id,brand_id,descrip) values (168,16,'C8');
insert into models(id,brand_id,descrip) values (169,16,'Saxo');
insert into models(id,brand_id,descrip) values (170,16,'C2');
insert into models(id,brand_id,descrip) values (171,16,'Xsara');
insert into models(id,brand_id,descrip) values (172,16,'C4');
insert into models(id,brand_id,descrip) values (173,16,'Xsara Picasso');
insert into models(id,brand_id,descrip) values (174,16,'C5');
insert into models(id,brand_id,descrip) values (175,16,'C3');
insert into models(id,brand_id,descrip) values (176,16,'C3 Pluriel');
insert into models(id,brand_id,descrip) values (177,16,'C1');
insert into models(id,brand_id,descrip) values (178,16,'C6');
insert into models(id,brand_id,descrip) values (179,16,'Grand C4 Picasso');
insert into models(id,brand_id,descrip) values (180,16,'C4 Picasso');
insert into models(id,brand_id,descrip) values (181,16,'Ccrosser');
insert into models(id,brand_id,descrip) values (182,16,'C15');
insert into models(id,brand_id,descrip) values (183,16,'Jumper');
insert into models(id,brand_id,descrip) values (184,16,'Jumpy');
insert into models(id,brand_id,descrip) values (185,16,'Berlingo');
insert into models(id,brand_id,descrip) values (186,16,'Bx');
insert into models(id,brand_id,descrip) values (187,16,'C25');
insert into models(id,brand_id,descrip) values (188,16,'Cx');
insert into models(id,brand_id,descrip) values (189,16,'Gsa');
insert into models(id,brand_id,descrip) values (190,16,'Visa');
insert into models(id,brand_id,descrip) values (191,16,'Lna');
insert into models(id,brand_id,descrip) values (192,16,'2cv');
insert into models(id,brand_id,descrip) values (193,16,'Nemo');
insert into models(id,brand_id,descrip) values (194,16,'C4 Sedan');
insert into models(id,brand_id,descrip) values (195,16,'Berlingo First');
insert into models(id,brand_id,descrip) values (196,16,'C3 Picasso');
insert into models(id,brand_id,descrip) values (197,16,'Ds3');
insert into models(id,brand_id,descrip) values (198,16,'Czero');
insert into models(id,brand_id,descrip) values (199,16,'Ds4');
insert into models(id,brand_id,descrip) values (200,16,'Ds5');
insert into models(id,brand_id,descrip) values (201,16,'C4 Aircross');
insert into models(id,brand_id,descrip) values (202,16,'Celysee');
insert into models(id,brand_id,descrip) values (203,17,'Corvette');
insert into models(id,brand_id,descrip) values (204,18,'Contac');
insert into models(id,brand_id,descrip) values (205,18,'Logan');
insert into models(id,brand_id,descrip) values (206,18,'Sandero');
insert into models(id,brand_id,descrip) values (207,18,'Duster');
insert into models(id,brand_id,descrip) values (208,18,'Lodgy');
insert into models(id,brand_id,descrip) values (209,19,'Nexia');
insert into models(id,brand_id,descrip) values (210,19,'Aranos');
insert into models(id,brand_id,descrip) values (211,19,'Lanos');
insert into models(id,brand_id,descrip) values (212,19,'Nubira');
insert into models(id,brand_id,descrip) values (213,19,'Compact');
insert into models(id,brand_id,descrip) values (214,19,'Nubira Compact');
insert into models(id,brand_id,descrip) values (215,19,'Leganza');
insert into models(id,brand_id,descrip) values (216,19,'Evanda');
insert into models(id,brand_id,descrip) values (217,19,'Matiz');
insert into models(id,brand_id,descrip) values (218,19,'Tacuma');
insert into models(id,brand_id,descrip) values (219,19,'Kalos');
insert into models(id,brand_id,descrip) values (220,19,'Lacetti');
insert into models(id,brand_id,descrip) values (221,21,'Applause');
insert into models(id,brand_id,descrip) values (222,21,'Charade');
insert into models(id,brand_id,descrip) values (223,21,'Rocky');
insert into models(id,brand_id,descrip) values (224,21,'Feroza');
insert into models(id,brand_id,descrip) values (225,21,'Terios');
insert into models(id,brand_id,descrip) values (226,21,'Sirion');
insert into models(id,brand_id,descrip) values (227,22,'Serie Xj');
insert into models(id,brand_id,descrip) values (228,22,'Xj');
insert into models(id,brand_id,descrip) values (229,22,'Double Six');
insert into models(id,brand_id,descrip) values (230,22,'Six');
insert into models(id,brand_id,descrip) values (231,22,'Series Iii');
insert into models(id,brand_id,descrip) values (232,23,'Viper');
insert into models(id,brand_id,descrip) values (233,23,'Caliber');
insert into models(id,brand_id,descrip) values (234,23,'Nitro');
insert into models(id,brand_id,descrip) values (235,23,'Avenger');
insert into models(id,brand_id,descrip) values (236,23,'Journey');
insert into models(id,brand_id,descrip) values (237,24,'F355');
insert into models(id,brand_id,descrip) values (238,24,'360');
insert into models(id,brand_id,descrip) values (239,24,'F430');
insert into models(id,brand_id,descrip) values (240,24,'F512 M');
insert into models(id,brand_id,descrip) values (241,24,'550 Maranello');
insert into models(id,brand_id,descrip) values (242,24,'575m Maranello');
insert into models(id,brand_id,descrip) values (243,24,'599');
insert into models(id,brand_id,descrip) values (244,24,'456');
insert into models(id,brand_id,descrip) values (245,24,'456m');
insert into models(id,brand_id,descrip) values (246,24,'612');
insert into models(id,brand_id,descrip) values (247,24,'F50');
insert into models(id,brand_id,descrip) values (248,24,'Enzo');
insert into models(id,brand_id,descrip) values (249,24,'Superamerica');
insert into models(id,brand_id,descrip) values (250,24,'430');
insert into models(id,brand_id,descrip) values (251,24,'348');
insert into models(id,brand_id,descrip) values (252,24,'Testarossa');
insert into models(id,brand_id,descrip) values (253,24,'512');
insert into models(id,brand_id,descrip) values (254,24,'355');
insert into models(id,brand_id,descrip) values (255,24,'F40');
insert into models(id,brand_id,descrip) values (256,24,'412');
insert into models(id,brand_id,descrip) values (257,24,'Mondial');
insert into models(id,brand_id,descrip) values (258,24,'328');
insert into models(id,brand_id,descrip) values (259,24,'California');
insert into models(id,brand_id,descrip) values (260,24,'458');
insert into models(id,brand_id,descrip) values (261,24,'Ff');
insert into models(id,brand_id,descrip) values (262,25,'Croma');
insert into models(id,brand_id,descrip) values (263,25,'Cinquecento');
insert into models(id,brand_id,descrip) values (264,25,'Seicento');
insert into models(id,brand_id,descrip) values (265,25,'Punto');
insert into models(id,brand_id,descrip) values (266,25,'Grande Punto');
insert into models(id,brand_id,descrip) values (267,25,'Panda');
insert into models(id,brand_id,descrip) values (268,25,'Tipo');
insert into models(id,brand_id,descrip) values (269,25,'Coupe');
insert into models(id,brand_id,descrip) values (270,25,'Uno');
insert into models(id,brand_id,descrip) values (271,25,'Ulysse');
insert into models(id,brand_id,descrip) values (272,25,'Tempra');
insert into models(id,brand_id,descrip) values (273,25,'Marea');
insert into models(id,brand_id,descrip) values (274,25,'Barchetta');
insert into models(id,brand_id,descrip) values (275,25,'Bravo');
insert into models(id,brand_id,descrip) values (276,25,'Stilo');
insert into models(id,brand_id,descrip) values (277,25,'Brava');
insert into models(id,brand_id,descrip) values (278,25,'Palio Weekend');
insert into models(id,brand_id,descrip) values (279,25,'600');
insert into models(id,brand_id,descrip) values (280,25,'Multipla');
insert into models(id,brand_id,descrip) values (281,25,'Idea');
insert into models(id,brand_id,descrip) values (282,25,'Sedici');
insert into models(id,brand_id,descrip) values (283,25,'Linea');
insert into models(id,brand_id,descrip) values (284,25,'500');
insert into models(id,brand_id,descrip) values (285,25,'Fiorino');
insert into models(id,brand_id,descrip) values (286,25,'Ducato');
insert into models(id,brand_id,descrip) values (287,25,'Doblo Cargo');
insert into models(id,brand_id,descrip) values (288,25,'Doblo');
insert into models(id,brand_id,descrip) values (289,25,'Strada');
insert into models(id,brand_id,descrip) values (290,25,'Regata');
insert into models(id,brand_id,descrip) values (291,25,'Talento');
insert into models(id,brand_id,descrip) values (292,25,'Argenta');
insert into models(id,brand_id,descrip) values (293,25,'Ritmo');
insert into models(id,brand_id,descrip) values (294,25,'Punto Classic');
insert into models(id,brand_id,descrip) values (295,25,'Qubo');
insert into models(id,brand_id,descrip) values (296,25,'Punto Evo');
insert into models(id,brand_id,descrip) values (297,25,'500c');
insert into models(id,brand_id,descrip) values (298,25,'Freemont');
insert into models(id,brand_id,descrip) values (299,25,'Panda Classic');
insert into models(id,brand_id,descrip) values (300,25,'500l');
insert into models(id,brand_id,descrip) values (301,26,'Maverick');
insert into models(id,brand_id,descrip) values (302,26,'Escort');
insert into models(id,brand_id,descrip) values (303,26,'Focus');
insert into models(id,brand_id,descrip) values (304,26,'Mondeo');
insert into models(id,brand_id,descrip) values (305,26,'Scorpio');
insert into models(id,brand_id,descrip) values (306,26,'Fiesta');
insert into models(id,brand_id,descrip) values (307,26,'Probe');
insert into models(id,brand_id,descrip) values (308,26,'Explorer');
insert into models(id,brand_id,descrip) values (309,26,'Galaxy');
insert into models(id,brand_id,descrip) values (310,26,'Ka');
insert into models(id,brand_id,descrip) values (311,26,'Puma');
insert into models(id,brand_id,descrip) values (312,26,'Cougar');
insert into models(id,brand_id,descrip) values (313,26,'Focus Cmax');
insert into models(id,brand_id,descrip) values (314,26,'Fusion');
insert into models(id,brand_id,descrip) values (315,26,'Streetka');
insert into models(id,brand_id,descrip) values (316,26,'Cmax');
insert into models(id,brand_id,descrip) values (317,26,'Smax');
insert into models(id,brand_id,descrip) values (318,26,'Transit');
insert into models(id,brand_id,descrip) values (319,26,'Courier');
insert into models(id,brand_id,descrip) values (320,26,'Ranger');
insert into models(id,brand_id,descrip) values (321,26,'Sierra');
insert into models(id,brand_id,descrip) values (322,26,'Orion');
insert into models(id,brand_id,descrip) values (323,26,'Pick Up');
insert into models(id,brand_id,descrip) values (324,26,'Capri');
insert into models(id,brand_id,descrip) values (325,26,'Granada');
insert into models(id,brand_id,descrip) values (326,26,'Kuga');
insert into models(id,brand_id,descrip) values (327,26,'Grand Cmax');
insert into models(id,brand_id,descrip) values (328,26,'Bmax');
insert into models(id,brand_id,descrip) values (329,26,'Tourneo Custom');
insert into models(id,brand_id,descrip) values (330,27,'Exceed');
insert into models(id,brand_id,descrip) values (331,27,'Santamo');
insert into models(id,brand_id,descrip) values (332,27,'Super Exceed');
insert into models(id,brand_id,descrip) values (333,29,'Accord');
insert into models(id,brand_id,descrip) values (334,29,'Civic');
insert into models(id,brand_id,descrip) values (335,29,'Crx');
insert into models(id,brand_id,descrip) values (336,29,'Prelude');
insert into models(id,brand_id,descrip) values (337,29,'Nsx');
insert into models(id,brand_id,descrip) values (338,29,'Legend');
insert into models(id,brand_id,descrip) values (339,29,'Crv');
insert into models(id,brand_id,descrip) values (340,29,'Hrv');
insert into models(id,brand_id,descrip) values (341,29,'Logo');
insert into models(id,brand_id,descrip) values (342,29,'S2000');
insert into models(id,brand_id,descrip) values (343,29,'Stream');
insert into models(id,brand_id,descrip) values (344,29,'Jazz');
insert into models(id,brand_id,descrip) values (345,29,'Frv');
insert into models(id,brand_id,descrip) values (346,29,'Concerto');
insert into models(id,brand_id,descrip) values (347,29,'Insight');
insert into models(id,brand_id,descrip) values (348,29,'Crz');
insert into models(id,brand_id,descrip) values (349,30,'H2');
insert into models(id,brand_id,descrip) values (350,30,'H3');
insert into models(id,brand_id,descrip) values (351,30,'H3t');
insert into models(id,brand_id,descrip) values (352,31,'Lantra');
insert into models(id,brand_id,descrip) values (353,31,'Sonata');
insert into models(id,brand_id,descrip) values (354,31,'Elantra');
insert into models(id,brand_id,descrip) values (355,31,'Accent');
insert into models(id,brand_id,descrip) values (356,31,'Scoupe');
insert into models(id,brand_id,descrip) values (357,31,'Coupe');
insert into models(id,brand_id,descrip) values (358,31,'Atos');
insert into models(id,brand_id,descrip) values (359,31,'H1');
insert into models(id,brand_id,descrip) values (360,31,'Atos Prime');
insert into models(id,brand_id,descrip) values (361,31,'Xg');
insert into models(id,brand_id,descrip) values (362,31,'Trajet');
insert into models(id,brand_id,descrip) values (363,31,'Santa Fe');
insert into models(id,brand_id,descrip) values (364,31,'Terracan');
insert into models(id,brand_id,descrip) values (365,31,'Matrix');
insert into models(id,brand_id,descrip) values (366,31,'Getz');
insert into models(id,brand_id,descrip) values (367,31,'Tucson');
insert into models(id,brand_id,descrip) values (368,31,'I30');
insert into models(id,brand_id,descrip) values (369,31,'Pony');
insert into models(id,brand_id,descrip) values (370,31,'Grandeur');
insert into models(id,brand_id,descrip) values (371,31,'I10');
insert into models(id,brand_id,descrip) values (372,31,'I800');
insert into models(id,brand_id,descrip) values (373,31,'Sonata Fl');
insert into models(id,brand_id,descrip) values (374,31,'Ix55');
insert into models(id,brand_id,descrip) values (375,31,'I20');
insert into models(id,brand_id,descrip) values (376,31,'Ix35');
insert into models(id,brand_id,descrip) values (377,31,'Ix20');
insert into models(id,brand_id,descrip) values (378,31,'Genesis');
insert into models(id,brand_id,descrip) values (379,31,'I40');
insert into models(id,brand_id,descrip) values (380,31,'Veloster');
insert into models(id,brand_id,descrip) values (381,32,'G');
insert into models(id,brand_id,descrip) values (382,32,'Ex');
insert into models(id,brand_id,descrip) values (383,32,'Fx');
insert into models(id,brand_id,descrip) values (384,32,'M');
insert into models(id,brand_id,descrip) values (385,33,'Elba');
insert into models(id,brand_id,descrip) values (386,33,'Minitre');
insert into models(id,brand_id,descrip) values (387,34,'Trooper');
insert into models(id,brand_id,descrip) values (388,34,'Pick Up');
insert into models(id,brand_id,descrip) values (389,34,'D Max');
insert into models(id,brand_id,descrip) values (390,34,'Rodeo');
insert into models(id,brand_id,descrip) values (391,34,'Dmax');
insert into models(id,brand_id,descrip) values (392,34,'Trroper');
insert into models(id,brand_id,descrip) values (393,35,'Daily');
insert into models(id,brand_id,descrip) values (394,35,'Massif');
insert into models(id,brand_id,descrip) values (395,36,'Daily');
insert into models(id,brand_id,descrip) values (396,36,'Duty');
insert into models(id,brand_id,descrip) values (397,37,'Serie Xj');
insert into models(id,brand_id,descrip) values (398,37,'Serie Xk');
insert into models(id,brand_id,descrip) values (399,37,'Xj');
insert into models(id,brand_id,descrip) values (400,37,'Stype');
insert into models(id,brand_id,descrip) values (401,37,'Xf');
insert into models(id,brand_id,descrip) values (402,37,'Xtype');
insert into models(id,brand_id,descrip) values (403,38,'Wrangler');
insert into models(id,brand_id,descrip) values (404,38,'Cherokee');
insert into models(id,brand_id,descrip) values (405,38,'Grand Cherokee');
insert into models(id,brand_id,descrip) values (406,38,'Commander');
insert into models(id,brand_id,descrip) values (407,38,'Compass');
insert into models(id,brand_id,descrip) values (408,38,'Wrangler Unlimited');
insert into models(id,brand_id,descrip) values (409,38,'Patriot');
insert into models(id,brand_id,descrip) values (410,39,'Sportage');
insert into models(id,brand_id,descrip) values (411,39,'Sephia');
insert into models(id,brand_id,descrip) values (412,39,'Sephia Ii');
insert into models(id,brand_id,descrip) values (413,39,'Pride');
insert into models(id,brand_id,descrip) values (414,39,'Clarus');
insert into models(id,brand_id,descrip) values (415,39,'Shuma');
insert into models(id,brand_id,descrip) values (416,39,'Carnival');
insert into models(id,brand_id,descrip) values (417,39,'Joice');
insert into models(id,brand_id,descrip) values (418,39,'Magentis');
insert into models(id,brand_id,descrip) values (419,39,'Carens');
insert into models(id,brand_id,descrip) values (420,39,'Rio');
insert into models(id,brand_id,descrip) values (421,39,'Cerato');
insert into models(id,brand_id,descrip) values (422,39,'Sorento');
insert into models(id,brand_id,descrip) values (423,39,'Opirus');
insert into models(id,brand_id,descrip) values (424,39,'Picanto');
insert into models(id,brand_id,descrip) values (425,39,'Ceed');
insert into models(id,brand_id,descrip) values (426,39,'Ceed Sporty Wagon');
insert into models(id,brand_id,descrip) values (427,39,'Proceed');
insert into models(id,brand_id,descrip) values (428,39,'K2500 Frontier');
insert into models(id,brand_id,descrip) values (429,39,'K2500');
insert into models(id,brand_id,descrip) values (430,39,'Soul');
insert into models(id,brand_id,descrip) values (431,39,'Venga');
insert into models(id,brand_id,descrip) values (432,39,'Optima');
insert into models(id,brand_id,descrip) values (433,39,'Ceed Sportswagon');
insert into models(id,brand_id,descrip) values (434,40,'Samara');
insert into models(id,brand_id,descrip) values (435,40,'Niva');
insert into models(id,brand_id,descrip) values (436,40,'Sagona');
insert into models(id,brand_id,descrip) values (437,40,'Stawra 2110');
insert into models(id,brand_id,descrip) values (438,40,'214');
insert into models(id,brand_id,descrip) values (439,40,'Kalina');
insert into models(id,brand_id,descrip) values (440,40,'Serie 2100');
insert into models(id,brand_id,descrip) values (441,40,'Priora');
insert into models(id,brand_id,descrip) values (442,41,'Gallardo');
insert into models(id,brand_id,descrip) values (443,41,'Murcielago');
insert into models(id,brand_id,descrip) values (444,41,'Aventador');
insert into models(id,brand_id,descrip) values (445,42,'Delta');
insert into models(id,brand_id,descrip) values (446,42,'K');
insert into models(id,brand_id,descrip) values (447,42,'Y10');
insert into models(id,brand_id,descrip) values (448,42,'Dedra');
insert into models(id,brand_id,descrip) values (449,42,'Lybra');
insert into models(id,brand_id,descrip) values (450,42,'Z');
insert into models(id,brand_id,descrip) values (451,42,'Y');
insert into models(id,brand_id,descrip) values (452,42,'Ypsilon');
insert into models(id,brand_id,descrip) values (453,42,'Thesis');
insert into models(id,brand_id,descrip) values (454,42,'Phedra');
insert into models(id,brand_id,descrip) values (455,42,'Musa');
insert into models(id,brand_id,descrip) values (456,42,'Thema');
insert into models(id,brand_id,descrip) values (457,42,'Zeta');
insert into models(id,brand_id,descrip) values (458,42,'Kappa');
insert into models(id,brand_id,descrip) values (459,42,'Trevi');
insert into models(id,brand_id,descrip) values (460,42,'Prisma');
insert into models(id,brand_id,descrip) values (461,42,'A112');
insert into models(id,brand_id,descrip) values (462,42,'Ypsilon Elefantino');
insert into models(id,brand_id,descrip) values (463,42,'Voyager');
insert into models(id,brand_id,descrip) values (464,43,'Range Rover');
insert into models(id,brand_id,descrip) values (465,43,'Defender');
insert into models(id,brand_id,descrip) values (466,43,'Discovery');
insert into models(id,brand_id,descrip) values (467,43,'Freelander');
insert into models(id,brand_id,descrip) values (468,43,'Range Rover Sport');
insert into models(id,brand_id,descrip) values (469,43,'Discovery 4');
insert into models(id,brand_id,descrip) values (470,43,'Range Rover Evoque');
insert into models(id,brand_id,descrip) values (471,44,'Maxus');
insert into models(id,brand_id,descrip) values (472,45,'Ls400');
insert into models(id,brand_id,descrip) values (473,45,'Ls430');
insert into models(id,brand_id,descrip) values (474,45,'Gs300');
insert into models(id,brand_id,descrip) values (475,45,'Is200');
insert into models(id,brand_id,descrip) values (476,45,'Rx300');
insert into models(id,brand_id,descrip) values (477,45,'Gs430');
insert into models(id,brand_id,descrip) values (478,45,'Gs460');
insert into models(id,brand_id,descrip) values (479,45,'Sc430');
insert into models(id,brand_id,descrip) values (480,45,'Is300');
insert into models(id,brand_id,descrip) values (481,45,'Is250');
insert into models(id,brand_id,descrip) values (482,45,'Rx400h');
insert into models(id,brand_id,descrip) values (483,45,'Is220d');
insert into models(id,brand_id,descrip) values (484,45,'Rx350');
insert into models(id,brand_id,descrip) values (485,45,'Gs450h');
insert into models(id,brand_id,descrip) values (486,45,'Ls460');
insert into models(id,brand_id,descrip) values (487,45,'Ls600h');
insert into models(id,brand_id,descrip) values (488,45,'Ls');
insert into models(id,brand_id,descrip) values (489,45,'Gs');
insert into models(id,brand_id,descrip) values (490,45,'Is');
insert into models(id,brand_id,descrip) values (491,45,'Sc');
insert into models(id,brand_id,descrip) values (492,45,'Rx');
insert into models(id,brand_id,descrip) values (493,45,'Ct');
insert into models(id,brand_id,descrip) values (494,46,'Elise');
insert into models(id,brand_id,descrip) values (495,46,'Exige');
insert into models(id,brand_id,descrip) values (496,47,'Bolero Pickup');
insert into models(id,brand_id,descrip) values (497,47,'Goa Pickup');
insert into models(id,brand_id,descrip) values (498,47,'Goa');
insert into models(id,brand_id,descrip) values (499,47,'Cj');
insert into models(id,brand_id,descrip) values (500,47,'Pikup');
insert into models(id,brand_id,descrip) values (501,47,'Thar');
insert into models(id,brand_id,descrip) values (502,48,'Ghibli');
insert into models(id,brand_id,descrip) values (503,48,'Shamal');
insert into models(id,brand_id,descrip) values (504,48,'Quattroporte');
insert into models(id,brand_id,descrip) values (505,48,'3200 Gt');
insert into models(id,brand_id,descrip) values (506,48,'Coupe');
insert into models(id,brand_id,descrip) values (507,48,'Spyder');
insert into models(id,brand_id,descrip) values (508,48,'Gransport');
insert into models(id,brand_id,descrip) values (509,48,'Granturismo');
insert into models(id,brand_id,descrip) values (510,48,'430');
insert into models(id,brand_id,descrip) values (511,48,'Biturbo');
insert into models(id,brand_id,descrip) values (512,48,'228');
insert into models(id,brand_id,descrip) values (513,48,'224');
insert into models(id,brand_id,descrip) values (514,48,'Grancabrio');
insert into models(id,brand_id,descrip) values (515,49,'Maybach');
insert into models(id,brand_id,descrip) values (516,50,'Xedos 6');
insert into models(id,brand_id,descrip) values (517,50,'626');
insert into models(id,brand_id,descrip) values (518,50,'121');
insert into models(id,brand_id,descrip) values (519,50,'Xedos 9');
insert into models(id,brand_id,descrip) values (520,50,'323');
insert into models(id,brand_id,descrip) values (521,50,'Mx3');
insert into models(id,brand_id,descrip) values (522,50,'Rx7');
insert into models(id,brand_id,descrip) values (523,50,'Mx5');
insert into models(id,brand_id,descrip) values (524,50,'Mazda3');
insert into models(id,brand_id,descrip) values (525,50,'Mpv');
insert into models(id,brand_id,descrip) values (526,50,'Demio');
insert into models(id,brand_id,descrip) values (527,50,'Premacy');
insert into models(id,brand_id,descrip) values (528,50,'Tribute');
insert into models(id,brand_id,descrip) values (529,50,'Mazda6');
insert into models(id,brand_id,descrip) values (530,50,'Mazda2');
insert into models(id,brand_id,descrip) values (531,50,'Rx8');
insert into models(id,brand_id,descrip) values (532,50,'Mazda5');
insert into models(id,brand_id,descrip) values (533,50,'Cx7');
insert into models(id,brand_id,descrip) values (534,50,'Serie B');
insert into models(id,brand_id,descrip) values (535,50,'B2500');
insert into models(id,brand_id,descrip) values (536,50,'Bt50');
insert into models(id,brand_id,descrip) values (537,50,'Mx6');
insert into models(id,brand_id,descrip) values (538,50,'929');
insert into models(id,brand_id,descrip) values (539,50,'Cx5');
insert into models(id,brand_id,descrip) values (540,51,'Clase C');
insert into models(id,brand_id,descrip) values (541,51,'Clase E');
insert into models(id,brand_id,descrip) values (542,51,'Clase Sl');
insert into models(id,brand_id,descrip) values (543,51,'Clase S');
insert into models(id,brand_id,descrip) values (544,51,'Clase Cl');
insert into models(id,brand_id,descrip) values (545,51,'Clase G');
insert into models(id,brand_id,descrip) values (546,51,'Clase Slk');
insert into models(id,brand_id,descrip) values (547,51,'Clase V');
insert into models(id,brand_id,descrip) values (548,51,'Viano');
insert into models(id,brand_id,descrip) values (549,51,'Clase Clk');
insert into models(id,brand_id,descrip) values (550,51,'Clase A');
insert into models(id,brand_id,descrip) values (551,51,'Clase M');
insert into models(id,brand_id,descrip) values (552,51,'Vaneo');
insert into models(id,brand_id,descrip) values (553,51,'Slklasse');
insert into models(id,brand_id,descrip) values (554,51,'Slr Mclaren');
insert into models(id,brand_id,descrip) values (555,51,'Clase Cls');
insert into models(id,brand_id,descrip) values (556,51,'Clase R');
insert into models(id,brand_id,descrip) values (557,51,'Clase Gl');
insert into models(id,brand_id,descrip) values (558,51,'Clase B');
insert into models(id,brand_id,descrip) values (559,51,'100d');
insert into models(id,brand_id,descrip) values (560,51,'140d');
insert into models(id,brand_id,descrip) values (561,51,'180d');
insert into models(id,brand_id,descrip) values (562,51,'Sprinter');
insert into models(id,brand_id,descrip) values (563,51,'Vito');
insert into models(id,brand_id,descrip) values (564,51,'Transporter');
insert into models(id,brand_id,descrip) values (565,51,'280');
insert into models(id,brand_id,descrip) values (566,51,'220');
insert into models(id,brand_id,descrip) values (567,51,'200');
insert into models(id,brand_id,descrip) values (568,51,'190');
insert into models(id,brand_id,descrip) values (569,51,'600');
insert into models(id,brand_id,descrip) values (570,51,'400');
insert into models(id,brand_id,descrip) values (571,51,'Clase Sl R129');
insert into models(id,brand_id,descrip) values (572,51,'300');
insert into models(id,brand_id,descrip) values (573,51,'500');
insert into models(id,brand_id,descrip) values (574,51,'420');
insert into models(id,brand_id,descrip) values (575,51,'260');
insert into models(id,brand_id,descrip) values (576,51,'230');
insert into models(id,brand_id,descrip) values (577,51,'Clase Clc');
insert into models(id,brand_id,descrip) values (578,51,'Clase Glk');
insert into models(id,brand_id,descrip) values (579,51,'Sls Amg');
insert into models(id,brand_id,descrip) values (580,52,'Mgf');
insert into models(id,brand_id,descrip) values (581,52,'Tf');
insert into models(id,brand_id,descrip) values (582,52,'Zr');
insert into models(id,brand_id,descrip) values (583,52,'Zs');
insert into models(id,brand_id,descrip) values (584,52,'Zt');
insert into models(id,brand_id,descrip) values (585,52,'Ztt');
insert into models(id,brand_id,descrip) values (586,52,'Mini');
insert into models(id,brand_id,descrip) values (587,52,'Countryman');
insert into models(id,brand_id,descrip) values (588,52,'Paceman');
insert into models(id,brand_id,descrip) values (589,54,'Montero');
insert into models(id,brand_id,descrip) values (590,54,'Galant');
insert into models(id,brand_id,descrip) values (591,54,'Colt');
insert into models(id,brand_id,descrip) values (592,54,'Space Wagon');
insert into models(id,brand_id,descrip) values (593,54,'Space Runner');
insert into models(id,brand_id,descrip) values (594,54,'Space Gear');
insert into models(id,brand_id,descrip) values (595,54,'3000 Gt');
insert into models(id,brand_id,descrip) values (596,54,'Carisma');
insert into models(id,brand_id,descrip) values (597,54,'Eclipse');
insert into models(id,brand_id,descrip) values (598,54,'Space Star');
insert into models(id,brand_id,descrip) values (599,54,'Montero Sport');
insert into models(id,brand_id,descrip) values (600,54,'Montero Io');
insert into models(id,brand_id,descrip) values (601,54,'Outlander');
insert into models(id,brand_id,descrip) values (602,54,'Lancer');
insert into models(id,brand_id,descrip) values (603,54,'Grandis');
insert into models(id,brand_id,descrip) values (604,54,'L200');
insert into models(id,brand_id,descrip) values (605,54,'Canter');
insert into models(id,brand_id,descrip) values (606,54,'300 Gt');
insert into models(id,brand_id,descrip) values (607,54,'Asx');
insert into models(id,brand_id,descrip) values (608,54,'Imiev');
insert into models(id,brand_id,descrip) values (609,55,'44');
insert into models(id,brand_id,descrip) values (610,55,'Plus 8');
insert into models(id,brand_id,descrip) values (611,55,'Aero 8');
insert into models(id,brand_id,descrip) values (612,55,'V6');
insert into models(id,brand_id,descrip) values (613,55,'Roadster');
insert into models(id,brand_id,descrip) values (614,55,'4');
insert into models(id,brand_id,descrip) values (615,55,'Plus 4');
insert into models(id,brand_id,descrip) values (616,56,'Terrano Ii');
insert into models(id,brand_id,descrip) values (617,56,'Terrano');
insert into models(id,brand_id,descrip) values (618,56,'Micra');
insert into models(id,brand_id,descrip) values (619,56,'Sunny');
insert into models(id,brand_id,descrip) values (620,56,'Primera');
insert into models(id,brand_id,descrip) values (621,56,'Serena');
insert into models(id,brand_id,descrip) values (622,56,'Patrol');
insert into models(id,brand_id,descrip) values (623,56,'Maxima Qx');
insert into models(id,brand_id,descrip) values (624,56,'200 Sx');
insert into models(id,brand_id,descrip) values (625,56,'300 Zx');
insert into models(id,brand_id,descrip) values (626,56,'Patrol Gr');
insert into models(id,brand_id,descrip) values (627,56,'100 Nx');
insert into models(id,brand_id,descrip) values (628,56,'Almera');
insert into models(id,brand_id,descrip) values (629,56,'Pathfinder');
insert into models(id,brand_id,descrip) values (630,56,'Almera Tino');
insert into models(id,brand_id,descrip) values (631,56,'Xtrail');
insert into models(id,brand_id,descrip) values (632,56,'350z');
insert into models(id,brand_id,descrip) values (633,56,'Murano');
insert into models(id,brand_id,descrip) values (634,56,'Note');
insert into models(id,brand_id,descrip) values (635,56,'Qashqai');
insert into models(id,brand_id,descrip) values (636,56,'Tiida');
insert into models(id,brand_id,descrip) values (637,56,'Vanette');
insert into models(id,brand_id,descrip) values (638,56,'Trade');
insert into models(id,brand_id,descrip) values (639,56,'Vanette Cargo');
insert into models(id,brand_id,descrip) values (640,56,'Pickup');
insert into models(id,brand_id,descrip) values (641,56,'Navara');
insert into models(id,brand_id,descrip) values (642,56,'Cabstar E');
insert into models(id,brand_id,descrip) values (643,56,'Cabstar');
insert into models(id,brand_id,descrip) values (644,56,'Maxima');
insert into models(id,brand_id,descrip) values (645,56,'Camion');
insert into models(id,brand_id,descrip) values (646,56,'Prairie');
insert into models(id,brand_id,descrip) values (647,56,'Bluebird');
insert into models(id,brand_id,descrip) values (648,56,'Np300 Pick Up');
insert into models(id,brand_id,descrip) values (649,56,'Qashqai2');
insert into models(id,brand_id,descrip) values (650,56,'Pixo');
insert into models(id,brand_id,descrip) values (651,56,'Gtr');
insert into models(id,brand_id,descrip) values (652,56,'370z');
insert into models(id,brand_id,descrip) values (653,56,'Cube');
insert into models(id,brand_id,descrip) values (654,56,'Juke');
insert into models(id,brand_id,descrip) values (655,56,'Leaf');
insert into models(id,brand_id,descrip) values (656,56,'Evalia');
insert into models(id,brand_id,descrip) values (657,57,'Astra');
insert into models(id,brand_id,descrip) values (658,57,'Vectra');
insert into models(id,brand_id,descrip) values (659,57,'Calibra');
insert into models(id,brand_id,descrip) values (660,57,'Corsa');
insert into models(id,brand_id,descrip) values (661,57,'Omega');
insert into models(id,brand_id,descrip) values (662,57,'Frontera');
insert into models(id,brand_id,descrip) values (663,57,'Tigra');
insert into models(id,brand_id,descrip) values (664,57,'Monterey');
insert into models(id,brand_id,descrip) values (665,57,'Sintra');
insert into models(id,brand_id,descrip) values (666,57,'Zafira');
insert into models(id,brand_id,descrip) values (667,57,'Agila');
insert into models(id,brand_id,descrip) values (668,57,'Speedster');
insert into models(id,brand_id,descrip) values (669,57,'Signum');
insert into models(id,brand_id,descrip) values (670,57,'Meriva');
insert into models(id,brand_id,descrip) values (671,57,'Antara');
insert into models(id,brand_id,descrip) values (672,57,'Gt');
insert into models(id,brand_id,descrip) values (673,57,'Combo');
insert into models(id,brand_id,descrip) values (674,57,'Movano');
insert into models(id,brand_id,descrip) values (675,57,'Vivaro');
insert into models(id,brand_id,descrip) values (676,57,'Kadett');
insert into models(id,brand_id,descrip) values (677,57,'Monza');
insert into models(id,brand_id,descrip) values (678,57,'Senator');
insert into models(id,brand_id,descrip) values (679,57,'Rekord');
insert into models(id,brand_id,descrip) values (680,57,'Manta');
insert into models(id,brand_id,descrip) values (681,57,'Ascona');
insert into models(id,brand_id,descrip) values (682,57,'Insignia');
insert into models(id,brand_id,descrip) values (683,57,'Zafira Tourer');
insert into models(id,brand_id,descrip) values (684,57,'Ampera');
insert into models(id,brand_id,descrip) values (685,57,'Mokka');
insert into models(id,brand_id,descrip) values (686,57,'Adam');
insert into models(id,brand_id,descrip) values (687,58,'306');
insert into models(id,brand_id,descrip) values (688,58,'605');
insert into models(id,brand_id,descrip) values (689,58,'106');
insert into models(id,brand_id,descrip) values (690,58,'205');
insert into models(id,brand_id,descrip) values (691,58,'405');
insert into models(id,brand_id,descrip) values (692,58,'406');
insert into models(id,brand_id,descrip) values (693,58,'806');
insert into models(id,brand_id,descrip) values (694,58,'807');
insert into models(id,brand_id,descrip) values (695,58,'407');
insert into models(id,brand_id,descrip) values (696,58,'307');
insert into models(id,brand_id,descrip) values (697,58,'206');
insert into models(id,brand_id,descrip) values (698,58,'607');
insert into models(id,brand_id,descrip) values (699,58,'308');
insert into models(id,brand_id,descrip) values (700,58,'307 Sw');
insert into models(id,brand_id,descrip) values (701,58,'206 Sw');
insert into models(id,brand_id,descrip) values (702,58,'407 Sw');
insert into models(id,brand_id,descrip) values (703,58,'1007');
insert into models(id,brand_id,descrip) values (704,58,'107');
insert into models(id,brand_id,descrip) values (705,58,'207');
insert into models(id,brand_id,descrip) values (706,58,'4007');
insert into models(id,brand_id,descrip) values (707,58,'Boxer');
insert into models(id,brand_id,descrip) values (708,58,'Partner');
insert into models(id,brand_id,descrip) values (709,58,'J5');
insert into models(id,brand_id,descrip) values (710,58,'604');
insert into models(id,brand_id,descrip) values (711,58,'505');
insert into models(id,brand_id,descrip) values (712,58,'309');
insert into models(id,brand_id,descrip) values (713,58,'Bipper');
insert into models(id,brand_id,descrip) values (714,58,'Partner Origin');
insert into models(id,brand_id,descrip) values (715,58,'3008');
insert into models(id,brand_id,descrip) values (716,58,'5008');
insert into models(id,brand_id,descrip) values (717,58,'Rcz');
insert into models(id,brand_id,descrip) values (718,58,'508');
insert into models(id,brand_id,descrip) values (719,58,'Ion');
insert into models(id,brand_id,descrip) values (720,58,'208');
insert into models(id,brand_id,descrip) values (721,58,'4008');
insert into models(id,brand_id,descrip) values (722,59,'Trans Sport');
insert into models(id,brand_id,descrip) values (723,59,'Firebird');
insert into models(id,brand_id,descrip) values (724,59,'Trans Am');
insert into models(id,brand_id,descrip) values (725,60,'911');
insert into models(id,brand_id,descrip) values (726,60,'Boxster');
insert into models(id,brand_id,descrip) values (727,60,'Cayenne');
insert into models(id,brand_id,descrip) values (728,60,'Carrera Gt');
insert into models(id,brand_id,descrip) values (729,60,'Cayman');
insert into models(id,brand_id,descrip) values (730,60,'928');
insert into models(id,brand_id,descrip) values (731,60,'968');
insert into models(id,brand_id,descrip) values (732,60,'944');
insert into models(id,brand_id,descrip) values (733,60,'924');
insert into models(id,brand_id,descrip) values (734,60,'Panamera');
insert into models(id,brand_id,descrip) values (735,60,'918');
insert into models(id,brand_id,descrip) values (736,61,'Megane');
insert into models(id,brand_id,descrip) values (737,61,'Safrane');
insert into models(id,brand_id,descrip) values (738,61,'Laguna');
insert into models(id,brand_id,descrip) values (739,61,'Clio');
insert into models(id,brand_id,descrip) values (740,61,'Twingo');
insert into models(id,brand_id,descrip) values (741,61,'Nevada');
insert into models(id,brand_id,descrip) values (742,61,'Espace');
insert into models(id,brand_id,descrip) values (743,61,'Spider');
insert into models(id,brand_id,descrip) values (744,61,'Scenic');
insert into models(id,brand_id,descrip) values (745,61,'Grand Espace');
insert into models(id,brand_id,descrip) values (746,61,'Avantime');
insert into models(id,brand_id,descrip) values (747,61,'Vel Satis');
insert into models(id,brand_id,descrip) values (748,61,'Grand Scenic');
insert into models(id,brand_id,descrip) values (749,61,'Clio Campus');
insert into models(id,brand_id,descrip) values (750,61,'Modus');
insert into models(id,brand_id,descrip) values (751,61,'Express');
insert into models(id,brand_id,descrip) values (752,61,'Trafic');
insert into models(id,brand_id,descrip) values (753,61,'Master');
insert into models(id,brand_id,descrip) values (754,61,'Kangoo');
insert into models(id,brand_id,descrip) values (755,61,'Mascott');
insert into models(id,brand_id,descrip) values (756,61,'Master Propulsion');
insert into models(id,brand_id,descrip) values (757,61,'Maxity');
insert into models(id,brand_id,descrip) values (758,61,'R19');
insert into models(id,brand_id,descrip) values (759,61,'R25');
insert into models(id,brand_id,descrip) values (760,61,'R5');
insert into models(id,brand_id,descrip) values (761,61,'R21');
insert into models(id,brand_id,descrip) values (762,61,'R4');
insert into models(id,brand_id,descrip) values (763,61,'Alpine');
insert into models(id,brand_id,descrip) values (764,61,'Fuego');
insert into models(id,brand_id,descrip) values (765,61,'R18');
insert into models(id,brand_id,descrip) values (766,61,'R11');
insert into models(id,brand_id,descrip) values (767,61,'R9');
insert into models(id,brand_id,descrip) values (768,61,'R6');
insert into models(id,brand_id,descrip) values (769,61,'Grand Modus');
insert into models(id,brand_id,descrip) values (770,61,'Kangoo Combi');
insert into models(id,brand_id,descrip) values (771,61,'Koleos');
insert into models(id,brand_id,descrip) values (772,61,'Fluence');
insert into models(id,brand_id,descrip) values (773,61,'Wind');
insert into models(id,brand_id,descrip) values (774,61,'Latitude');
insert into models(id,brand_id,descrip) values (775,61,'Grand Kangoo Combi');
insert into models(id,brand_id,descrip) values (776,62,'Siver Dawn');
insert into models(id,brand_id,descrip) values (777,62,'Silver Spur');
insert into models(id,brand_id,descrip) values (778,62,'Park Ward');
insert into models(id,brand_id,descrip) values (779,62,'Silver Seraph');
insert into models(id,brand_id,descrip) values (780,62,'Corniche');
insert into models(id,brand_id,descrip) values (781,62,'Phantom');
insert into models(id,brand_id,descrip) values (782,62,'Touring');
insert into models(id,brand_id,descrip) values (783,62,'Silvier');
insert into models(id,brand_id,descrip) values (784,63,'800');
insert into models(id,brand_id,descrip) values (785,63,'600');
insert into models(id,brand_id,descrip) values (786,63,'100');
insert into models(id,brand_id,descrip) values (787,63,'200');
insert into models(id,brand_id,descrip) values (788,63,'Coupe');
insert into models(id,brand_id,descrip) values (789,63,'400');
insert into models(id,brand_id,descrip) values (790,63,'45');
insert into models(id,brand_id,descrip) values (791,63,'Cabriolet');
insert into models(id,brand_id,descrip) values (792,63,'25');
insert into models(id,brand_id,descrip) values (793,63,'Mini');
insert into models(id,brand_id,descrip) values (794,63,'75');
insert into models(id,brand_id,descrip) values (795,63,'Streetwise');
insert into models(id,brand_id,descrip) values (796,63,'Sd');
insert into models(id,brand_id,descrip) values (797,64,'900');
insert into models(id,brand_id,descrip) values (798,64,'93');
insert into models(id,brand_id,descrip) values (799,64,'9000');
insert into models(id,brand_id,descrip) values (800,64,'95');
insert into models(id,brand_id,descrip) values (801,64,'93x');
insert into models(id,brand_id,descrip) values (802,64,'94x');
insert into models(id,brand_id,descrip) values (803,65,'300');
insert into models(id,brand_id,descrip) values (804,65,'350');
insert into models(id,brand_id,descrip) values (805,65,'Anibal');
insert into models(id,brand_id,descrip) values (806,65,'Anibal Pick Up');
insert into models(id,brand_id,descrip) values (807,66,'Ibiza');
insert into models(id,brand_id,descrip) values (808,66,'Cordoba');
insert into models(id,brand_id,descrip) values (809,66,'Toledo');
insert into models(id,brand_id,descrip) values (810,66,'Marbella');
insert into models(id,brand_id,descrip) values (811,66,'Alhambra');
insert into models(id,brand_id,descrip) values (812,66,'Arosa');
insert into models(id,brand_id,descrip) values (813,66,'Leon');
insert into models(id,brand_id,descrip) values (814,66,'Altea');
insert into models(id,brand_id,descrip) values (815,66,'Altea Xl');
insert into models(id,brand_id,descrip) values (816,66,'Altea Freetrack');
insert into models(id,brand_id,descrip) values (817,66,'Terra');
insert into models(id,brand_id,descrip) values (818,66,'Inca');
insert into models(id,brand_id,descrip) values (819,66,'Malaga');
insert into models(id,brand_id,descrip) values (820,66,'Ronda');
insert into models(id,brand_id,descrip) values (821,66,'Exeo');
insert into models(id,brand_id,descrip) values (822,66,'Mii');
insert into models(id,brand_id,descrip) values (823,67,'Felicia');
insert into models(id,brand_id,descrip) values (824,67,'Forman');
insert into models(id,brand_id,descrip) values (825,67,'Octavia');
insert into models(id,brand_id,descrip) values (826,67,'Octavia Tour');
insert into models(id,brand_id,descrip) values (827,67,'Fabia');
insert into models(id,brand_id,descrip) values (828,67,'Superb');
insert into models(id,brand_id,descrip) values (829,67,'Roomster');
insert into models(id,brand_id,descrip) values (830,67,'Scout');
insert into models(id,brand_id,descrip) values (831,67,'Pickup');
insert into models(id,brand_id,descrip) values (832,67,'Favorit');
insert into models(id,brand_id,descrip) values (833,67,'130');
insert into models(id,brand_id,descrip) values (834,67,'S');
insert into models(id,brand_id,descrip) values (835,67,'Yeti');
insert into models(id,brand_id,descrip) values (836,67,'Citigo');
insert into models(id,brand_id,descrip) values (837,67,'Rapid');
insert into models(id,brand_id,descrip) values (838,68,'Smart');
insert into models(id,brand_id,descrip) values (839,68,'Citycoupe');
insert into models(id,brand_id,descrip) values (840,68,'Fortwo');
insert into models(id,brand_id,descrip) values (841,68,'Cabrio');
insert into models(id,brand_id,descrip) values (842,68,'Crossblade');
insert into models(id,brand_id,descrip) values (843,68,'Roadster');
insert into models(id,brand_id,descrip) values (844,68,'Forfour');
insert into models(id,brand_id,descrip) values (845,69,'Korando');
insert into models(id,brand_id,descrip) values (846,69,'Family');
insert into models(id,brand_id,descrip) values (847,69,'K4d');
insert into models(id,brand_id,descrip) values (848,69,'Musso');
insert into models(id,brand_id,descrip) values (849,69,'Korando Kj');
insert into models(id,brand_id,descrip) values (850,69,'Rexton');
insert into models(id,brand_id,descrip) values (851,69,'Rexton Ii');
insert into models(id,brand_id,descrip) values (852,69,'Rodius');
insert into models(id,brand_id,descrip) values (853,69,'Kyron');
insert into models(id,brand_id,descrip) values (854,69,'Actyon');
insert into models(id,brand_id,descrip) values (855,69,'Sports Pick Up');
insert into models(id,brand_id,descrip) values (856,69,'Actyon Sports Pick Up');
insert into models(id,brand_id,descrip) values (857,69,'Kodando');
insert into models(id,brand_id,descrip) values (858,70,'Legacy');
insert into models(id,brand_id,descrip) values (859,70,'Impreza');
insert into models(id,brand_id,descrip) values (860,70,'Svx');
insert into models(id,brand_id,descrip) values (861,70,'Justy');
insert into models(id,brand_id,descrip) values (862,70,'Outback');
insert into models(id,brand_id,descrip) values (863,70,'Forester');
insert into models(id,brand_id,descrip) values (864,70,'G3x Justy');
insert into models(id,brand_id,descrip) values (865,70,'B9 Tribeca');
insert into models(id,brand_id,descrip) values (866,70,'Xt');
insert into models(id,brand_id,descrip) values (867,70,'1800');
insert into models(id,brand_id,descrip) values (868,70,'Tribeca');
insert into models(id,brand_id,descrip) values (869,70,'Wrx Sti');
insert into models(id,brand_id,descrip) values (870,70,'Trezia');
insert into models(id,brand_id,descrip) values (871,70,'Xv');
insert into models(id,brand_id,descrip) values (872,70,'Brz');
insert into models(id,brand_id,descrip) values (873,71,'Maruti');
insert into models(id,brand_id,descrip) values (874,71,'Swift');
insert into models(id,brand_id,descrip) values (875,71,'Vitara');
insert into models(id,brand_id,descrip) values (876,71,'Baleno');
insert into models(id,brand_id,descrip) values (877,71,'Samurai');
insert into models(id,brand_id,descrip) values (878,71,'Alto');
insert into models(id,brand_id,descrip) values (879,71,'Wagon R');
insert into models(id,brand_id,descrip) values (880,71,'Jimny');
insert into models(id,brand_id,descrip) values (881,71,'Grand Vitara');
insert into models(id,brand_id,descrip) values (882,71,'Ignis');
insert into models(id,brand_id,descrip) values (883,71,'Liana');
insert into models(id,brand_id,descrip) values (884,71,'Grand Vitara Xl7');
insert into models(id,brand_id,descrip) values (885,71,'Sx4');
insert into models(id,brand_id,descrip) values (886,71,'Splash');
insert into models(id,brand_id,descrip) values (887,71,'Kizashi');
insert into models(id,brand_id,descrip) values (888,72,'Samba');
insert into models(id,brand_id,descrip) values (889,72,'Tagora');
insert into models(id,brand_id,descrip) values (890,72,'Solara');
insert into models(id,brand_id,descrip) values (891,72,'Horizon');
insert into models(id,brand_id,descrip) values (892,73,'Telcosport');
insert into models(id,brand_id,descrip) values (893,73,'Telco');
insert into models(id,brand_id,descrip) values (894,73,'Sumo');
insert into models(id,brand_id,descrip) values (895,73,'Safari');
insert into models(id,brand_id,descrip) values (896,73,'Indica');
insert into models(id,brand_id,descrip) values (897,73,'Indigo');
insert into models(id,brand_id,descrip) values (898,73,'Grand Safari');
insert into models(id,brand_id,descrip) values (899,73,'Tl Pick Up');
insert into models(id,brand_id,descrip) values (900,73,'Xenon Pick Up');
insert into models(id,brand_id,descrip) values (901,73,'Vista');
insert into models(id,brand_id,descrip) values (902,73,'Xenon');
insert into models(id,brand_id,descrip) values (903,73,'Aria');
insert into models(id,brand_id,descrip) values (904,74,'Carina E');
insert into models(id,brand_id,descrip) values (905,74,'4runner');
insert into models(id,brand_id,descrip) values (906,74,'Camry');
insert into models(id,brand_id,descrip) values (907,74,'Rav4');
insert into models(id,brand_id,descrip) values (908,74,'Celica');
insert into models(id,brand_id,descrip) values (909,74,'Supra');
insert into models(id,brand_id,descrip) values (910,74,'Paseo');
insert into models(id,brand_id,descrip) values (911,74,'Land Cruiser 80');
insert into models(id,brand_id,descrip) values (912,74,'Land Cruiser 100');
insert into models(id,brand_id,descrip) values (913,74,'Land Cruiser');
insert into models(id,brand_id,descrip) values (914,74,'Land Cruiser 90');
insert into models(id,brand_id,descrip) values (915,74,'Corolla');
insert into models(id,brand_id,descrip) values (916,74,'Auris');
insert into models(id,brand_id,descrip) values (917,74,'Avensis');
insert into models(id,brand_id,descrip) values (918,74,'Picnic');
insert into models(id,brand_id,descrip) values (919,74,'Yaris');
insert into models(id,brand_id,descrip) values (920,74,'Yaris Verso');
insert into models(id,brand_id,descrip) values (921,74,'Mr2');
insert into models(id,brand_id,descrip) values (922,74,'Previa');
insert into models(id,brand_id,descrip) values (923,74,'Prius');
insert into models(id,brand_id,descrip) values (924,74,'Avensis Verso');
insert into models(id,brand_id,descrip) values (925,74,'Corolla Verso');
insert into models(id,brand_id,descrip) values (926,74,'Corolla Sedan');
insert into models(id,brand_id,descrip) values (927,74,'Aygo');
insert into models(id,brand_id,descrip) values (928,74,'Hilux');
insert into models(id,brand_id,descrip) values (929,74,'Dyna');
insert into models(id,brand_id,descrip) values (930,74,'Land Cruiser 200');
insert into models(id,brand_id,descrip) values (931,74,'Verso');
insert into models(id,brand_id,descrip) values (932,74,'Iq');
insert into models(id,brand_id,descrip) values (933,74,'Urban Cruiser');
insert into models(id,brand_id,descrip) values (934,74,'Gt86');
insert into models(id,brand_id,descrip) values (935,75,'100');
insert into models(id,brand_id,descrip) values (936,75,'121');
insert into models(id,brand_id,descrip) values (937,76,'214');
insert into models(id,brand_id,descrip) values (938,76,'110 Stawra');
insert into models(id,brand_id,descrip) values (939,76,'111 Stawra');
insert into models(id,brand_id,descrip) values (940,76,'215');
insert into models(id,brand_id,descrip) values (941,76,'112 Stawra');
insert into models(id,brand_id,descrip) values (942,77,'Passat');
insert into models(id,brand_id,descrip) values (943,77,'Golf');
insert into models(id,brand_id,descrip) values (944,77,'Vento');
insert into models(id,brand_id,descrip) values (945,77,'Polo');
insert into models(id,brand_id,descrip) values (946,77,'Corrado');
insert into models(id,brand_id,descrip) values (947,77,'Sharan');
insert into models(id,brand_id,descrip) values (948,77,'Lupo');
insert into models(id,brand_id,descrip) values (949,77,'Bora');
insert into models(id,brand_id,descrip) values (950,77,'Jetta');
insert into models(id,brand_id,descrip) values (951,77,'New Beetle');
insert into models(id,brand_id,descrip) values (952,77,'Phaeton');
insert into models(id,brand_id,descrip) values (953,77,'Touareg');
insert into models(id,brand_id,descrip) values (954,77,'Touran');
insert into models(id,brand_id,descrip) values (955,77,'Multivan');
insert into models(id,brand_id,descrip) values (956,77,'Caddy');
insert into models(id,brand_id,descrip) values (957,77,'Golf Plus');
insert into models(id,brand_id,descrip) values (958,77,'Fox');
insert into models(id,brand_id,descrip) values (959,77,'Eos');
insert into models(id,brand_id,descrip) values (960,77,'Caravelle');
insert into models(id,brand_id,descrip) values (961,77,'Tiguan');
insert into models(id,brand_id,descrip) values (962,77,'Transporter');
insert into models(id,brand_id,descrip) values (963,77,'Lt');
insert into models(id,brand_id,descrip) values (964,77,'Taro');
insert into models(id,brand_id,descrip) values (965,77,'Crafter');
insert into models(id,brand_id,descrip) values (966,77,'California');
insert into models(id,brand_id,descrip) values (967,77,'Santana');
insert into models(id,brand_id,descrip) values (968,77,'Scirocco');
insert into models(id,brand_id,descrip) values (969,77,'Passat Cc');
insert into models(id,brand_id,descrip) values (970,77,'Amarok');
insert into models(id,brand_id,descrip) values (971,77,'Beetle');
insert into models(id,brand_id,descrip) values (972,77,'Up');
insert into models(id,brand_id,descrip) values (973,77,'Cc');
insert into models(id,brand_id,descrip) values (974,78,'440');
insert into models(id,brand_id,descrip) values (975,78,'850');
insert into models(id,brand_id,descrip) values (976,78,'S70');
insert into models(id,brand_id,descrip) values (977,78,'V70');
insert into models(id,brand_id,descrip) values (978,78,'V70 Classic');
insert into models(id,brand_id,descrip) values (979,78,'940');
insert into models(id,brand_id,descrip) values (980,78,'480');
insert into models(id,brand_id,descrip) values (981,78,'460');
insert into models(id,brand_id,descrip) values (982,78,'960');
insert into models(id,brand_id,descrip) values (983,78,'S90');
insert into models(id,brand_id,descrip) values (984,78,'V90');
insert into models(id,brand_id,descrip) values (985,78,'Classic');
insert into models(id,brand_id,descrip) values (986,78,'S40');
insert into models(id,brand_id,descrip) values (987,78,'V40');
insert into models(id,brand_id,descrip) values (988,78,'V50');
insert into models(id,brand_id,descrip) values (989,78,'V70 Xc');
insert into models(id,brand_id,descrip) values (990,78,'Xc70');
insert into models(id,brand_id,descrip) values (991,78,'C70');
insert into models(id,brand_id,descrip) values (992,78,'S80');
insert into models(id,brand_id,descrip) values (993,78,'S60');
insert into models(id,brand_id,descrip) values (994,78,'Xc90');
insert into models(id,brand_id,descrip) values (995,78,'C30');
insert into models(id,brand_id,descrip) values (996,78,'780');
insert into models(id,brand_id,descrip) values (997,78,'760');
insert into models(id,brand_id,descrip) values (998,78,'740');
insert into models(id,brand_id,descrip) values (999,78,'240');
insert into models(id,brand_id,descrip) values (1000,78,'360');
insert into models(id,brand_id,descrip) values (1001,78,'340');
insert into models(id,brand_id,descrip) values (1002,78,'Xc60');
insert into models(id,brand_id,descrip) values (1003,78,'V60');
insert into models(id,brand_id,descrip) values (1004,78,'V40 Cross Country');
insert into models(id,brand_id,descrip) values (1005,79,'353');
insert into models(id,brand_id,descrip) values (1006,53,'Mini');
insert into models(id,brand_id,descrip) values (1007,53,'Countryman');
insert into models(id,brand_id,descrip) values (1008,53,'Paceman');

insert into cars(id,model_id,numberplate,price) values (1,230,'6630VHB',18319);
insert into cars(id,model_id,numberplate,price) values (2,380,'4481OQC',19123);
insert into cars(id,model_id,numberplate,price) values (3,198,'1755KXO',32377);
insert into cars(id,model_id,numberplate,price) values (4,586,'2655KMX',813);
insert into cars(id,model_id,numberplate,price) values (5,282,'6869JPS',4931);
insert into cars(id,model_id,numberplate,price) values (6,23,'9786ZUY',30114);
insert into cars(id,model_id,numberplate,price) values (7,262,'1350FWD',42662);
insert into cars(id,model_id,numberplate,price) values (8,428,'4945MKO',14047);
insert into cars(id,model_id,numberplate,price) values (9,856,'4941EUD',17923);
insert into cars(id,model_id,numberplate,price) values (10,987,'7282TCB',22728);
insert into cars(id,model_id,numberplate,price) values (11,532,'4018BHF',20454);
insert into cars(id,model_id,numberplate,price) values (12,567,'7110MUL',3556);
insert into cars(id,model_id,numberplate,price) values (13,746,'1604SNL',18844);
insert into cars(id,model_id,numberplate,price) values (14,74,'6381LTE',13725);
insert into cars(id,model_id,numberplate,price) values (15,419,'9072TXV',24950);
insert into cars(id,model_id,numberplate,price) values (16,189,'2410GEP',1535);
insert into cars(id,model_id,numberplate,price) values (17,104,'7734SOR',33467);
insert into cars(id,model_id,numberplate,price) values (18,331,'5900HQN',7644);
insert into cars(id,model_id,numberplate,price) values (19,432,'7508SPY',31772);
insert into cars(id,model_id,numberplate,price) values (20,409,'2032TSR',4066);
insert into cars(id,model_id,numberplate,price) values (21,374,'7248HGV',8181);
insert into cars(id,model_id,numberplate,price) values (22,772,'6073LYF',19418);
insert into cars(id,model_id,numberplate,price) values (23,308,'5357SWO',31504);
insert into cars(id,model_id,numberplate,price) values (24,792,'1392VOP',23396);
insert into cars(id,model_id,numberplate,price) values (25,61,'9732AFI',28945);
insert into cars(id,model_id,numberplate,price) values (26,818,'7512ZPB',13653);
insert into cars(id,model_id,numberplate,price) values (27,47,'3233SHK',18998);
insert into cars(id,model_id,numberplate,price) values (28,437,'4472VVO',35770);
insert into cars(id,model_id,numberplate,price) values (29,56,'1640IYE',30554);
insert into cars(id,model_id,numberplate,price) values (30,28,'2009UFL',15400);
insert into cars(id,model_id,numberplate,price) values (31,781,'6396ULG',39183);
insert into cars(id,model_id,numberplate,price) values (32,470,'3328ORY',22450);
insert into cars(id,model_id,numberplate,price) values (33,547,'1711WRV',12546);
insert into cars(id,model_id,numberplate,price) values (34,331,'1860DGM',33972);
insert into cars(id,model_id,numberplate,price) values (35,959,'5777RKI',19016);
insert into cars(id,model_id,numberplate,price) values (36,894,'9315JMK',32176);
insert into cars(id,model_id,numberplate,price) values (37,354,'1165UEQ',5420);
insert into cars(id,model_id,numberplate,price) values (38,741,'6476BXR',12419);
insert into cars(id,model_id,numberplate,price) values (39,754,'9921ONY',32385);
insert into cars(id,model_id,numberplate,price) values (40,427,'5486BQR',15521);
insert into cars(id,model_id,numberplate,price) values (41,16,'2875TZP',31061);
insert into cars(id,model_id,numberplate,price) values (42,1001,'3291DJG',35307);
insert into cars(id,model_id,numberplate,price) values (43,44,'2242UQH',37171);
insert into cars(id,model_id,numberplate,price) values (44,744,'6553ZKC',2849);
insert into cars(id,model_id,numberplate,price) values (45,385,'3634KYW',2935);
insert into cars(id,model_id,numberplate,price) values (46,289,'3839LFV',11346);
insert into cars(id,model_id,numberplate,price) values (47,260,'1104HBL',7487);
insert into cars(id,model_id,numberplate,price) values (48,28,'4149MVM',14377);
insert into cars(id,model_id,numberplate,price) values (49,433,'1618ZLS',10499);
insert into cars(id,model_id,numberplate,price) values (50,96,'6526RCV',39859);
insert into cars(id,model_id,numberplate,price) values (51,622,'8659OVN',43413);
insert into cars(id,model_id,numberplate,price) values (52,246,'8176OWK',14655);
insert into cars(id,model_id,numberplate,price) values (53,975,'4047KBO',21337);
insert into cars(id,model_id,numberplate,price) values (54,323,'1365RQA',39338);
insert into cars(id,model_id,numberplate,price) values (55,976,'4713BFH',5747);
insert into cars(id,model_id,numberplate,price) values (56,312,'9758CTW',10453);
insert into cars(id,model_id,numberplate,price) values (57,262,'7868IBP',23674);
insert into cars(id,model_id,numberplate,price) values (58,60,'1418VLP',11797);
insert into cars(id,model_id,numberplate,price) values (59,466,'1571LBD',42280);
insert into cars(id,model_id,numberplate,price) values (60,44,'4564GSQ',40819);
insert into cars(id,model_id,numberplate,price) values (61,802,'5257HVY',16440);
insert into cars(id,model_id,numberplate,price) values (62,682,'6169ZLD',8741);
insert into cars(id,model_id,numberplate,price) values (63,458,'9826RUE',26241);
insert into cars(id,model_id,numberplate,price) values (64,429,'4312CMS',12664);
insert into cars(id,model_id,numberplate,price) values (65,417,'4364NBV',17775);
insert into cars(id,model_id,numberplate,price) values (66,349,'4614OOX',10721);
insert into cars(id,model_id,numberplate,price) values (67,523,'5957JLH',2204);
insert into cars(id,model_id,numberplate,price) values (68,726,'3365BVX',3305);
insert into cars(id,model_id,numberplate,price) values (69,205,'8782OGO',37496);
insert into cars(id,model_id,numberplate,price) values (70,688,'9957DTL',4058);
insert into cars(id,model_id,numberplate,price) values (71,574,'8996KQU',3472);
insert into cars(id,model_id,numberplate,price) values (72,66,'2574CXD',11861);
insert into cars(id,model_id,numberplate,price) values (73,822,'7163TUI',22518);
insert into cars(id,model_id,numberplate,price) values (74,951,'9363QYX',8386);
insert into cars(id,model_id,numberplate,price) values (75,88,'5858QPY',38398);
insert into cars(id,model_id,numberplate,price) values (76,393,'2472ZLU',596);
insert into cars(id,model_id,numberplate,price) values (77,458,'5559OQO',23599);
insert into cars(id,model_id,numberplate,price) values (78,248,'2146YHY',19587);
insert into cars(id,model_id,numberplate,price) values (79,895,'4784NRE',6254);
insert into cars(id,model_id,numberplate,price) values (80,855,'8386KMP',2652);
insert into cars(id,model_id,numberplate,price) values (81,532,'9045VCQ',40767);
insert into cars(id,model_id,numberplate,price) values (82,176,'9288MSY',32535);
insert into cars(id,model_id,numberplate,price) values (83,126,'9728QLP',6302);
insert into cars(id,model_id,numberplate,price) values (84,495,'4235OUU',33896);
insert into cars(id,model_id,numberplate,price) values (85,94,'8356MVW',35198);
insert into cars(id,model_id,numberplate,price) values (86,358,'6002CVG',19590);
insert into cars(id,model_id,numberplate,price) values (87,903,'8080NJF',3519);
insert into cars(id,model_id,numberplate,price) values (88,771,'9595KAP',22973);
insert into cars(id,model_id,numberplate,price) values (89,364,'9525WNW',21139);
insert into cars(id,model_id,numberplate,price) values (90,640,'3436IZA',37567);
insert into cars(id,model_id,numberplate,price) values (91,593,'5157VQA',42514);
insert into cars(id,model_id,numberplate,price) values (92,334,'4658COE',3493);
insert into cars(id,model_id,numberplate,price) values (93,569,'8322DQC',14624);
insert into cars(id,model_id,numberplate,price) values (94,510,'7933VFI',43507);
insert into cars(id,model_id,numberplate,price) values (95,51,'7671SEI',17949);
insert into cars(id,model_id,numberplate,price) values (96,718,'6087GVH',23339);
insert into cars(id,model_id,numberplate,price) values (97,893,'3509FXJ',20656);
insert into cars(id,model_id,numberplate,price) values (98,519,'7755WDW',2337);
insert into cars(id,model_id,numberplate,price) values (99,1005,'1742SLT',27986);
insert into cars(id,model_id,numberplate,price) values (100,771,'3519BIM',24507);
insert into cars(id,model_id,numberplate,price) values (101,911,'6973ZIE',7375);
insert into cars(id,model_id,numberplate,price) values (102,627,'5737PJU',30397);
insert into cars(id,model_id,numberplate,price) values (103,780,'5785BDL',36224);
insert into cars(id,model_id,numberplate,price) values (104,99,'2272FIZ',866);
insert into cars(id,model_id,numberplate,price) values (105,532,'6087OHJ',34113);
insert into cars(id,model_id,numberplate,price) values (106,58,'5179FHH',41888);
insert into cars(id,model_id,numberplate,price) values (107,220,'8609WYK',41357);
insert into cars(id,model_id,numberplate,price) values (108,893,'7651XPP',43584);
insert into cars(id,model_id,numberplate,price) values (109,216,'1128DVD',40698);
insert into cars(id,model_id,numberplate,price) values (110,95,'7685WTQ',23256);
insert into cars(id,model_id,numberplate,price) values (111,840,'3193GSZ',43173);
insert into cars(id,model_id,numberplate,price) values (112,670,'2940GTK',12112);
insert into cars(id,model_id,numberplate,price) values (113,31,'5573AXX',1150);
insert into cars(id,model_id,numberplate,price) values (114,742,'8972OHV',23745);
insert into cars(id,model_id,numberplate,price) values (115,904,'1789ZOF',4183);
insert into cars(id,model_id,numberplate,price) values (116,107,'3120LHG',21615);
insert into cars(id,model_id,numberplate,price) values (117,736,'3726JXV',11898);
insert into cars(id,model_id,numberplate,price) values (118,419,'3387RLK',24588);
insert into cars(id,model_id,numberplate,price) values (119,380,'9782WRR',608);
insert into cars(id,model_id,numberplate,price) values (120,730,'6281XUK',11970);
insert into cars(id,model_id,numberplate,price) values (121,348,'5399EWH',14733);
insert into cars(id,model_id,numberplate,price) values (122,617,'4438ZYF',1206);
insert into cars(id,model_id,numberplate,price) values (123,849,'6160RHT',6217);
insert into cars(id,model_id,numberplate,price) values (124,369,'3799ALZ',28085);
insert into cars(id,model_id,numberplate,price) values (125,387,'4698JNQ',7954);
insert into cars(id,model_id,numberplate,price) values (126,49,'1772WRX',42319);
insert into cars(id,model_id,numberplate,price) values (127,552,'2451CZS',10189);
insert into cars(id,model_id,numberplate,price) values (128,8,'5739NDU',18056);
insert into cars(id,model_id,numberplate,price) values (129,920,'4469CQI',2753);
insert into cars(id,model_id,numberplate,price) values (130,611,'8187MNU',9051);
insert into cars(id,model_id,numberplate,price) values (131,926,'1846TWK',29716);
insert into cars(id,model_id,numberplate,price) values (132,962,'1382DUM',25018);
insert into cars(id,model_id,numberplate,price) values (133,571,'3049BJA',15608);
insert into cars(id,model_id,numberplate,price) values (134,677,'7190WIT',33523);
insert into cars(id,model_id,numberplate,price) values (135,361,'3495NWD',30974);
insert into cars(id,model_id,numberplate,price) values (136,720,'8306DGR',24798);
insert into cars(id,model_id,numberplate,price) values (137,1001,'8970PYL',44162);
insert into cars(id,model_id,numberplate,price) values (138,707,'4109QIY',31363);
insert into cars(id,model_id,numberplate,price) values (139,544,'3377QTO',25090);
insert into cars(id,model_id,numberplate,price) values (140,916,'7226UOV',5615);
insert into cars(id,model_id,numberplate,price) values (141,223,'4321XTW',37163);
insert into cars(id,model_id,numberplate,price) values (142,587,'5825YRX',23669);
insert into cars(id,model_id,numberplate,price) values (143,760,'8788RUH',25455);
insert into cars(id,model_id,numberplate,price) values (144,133,'1675PIM',43098);
insert into cars(id,model_id,numberplate,price) values (145,792,'7272BAI',33314);
insert into cars(id,model_id,numberplate,price) values (146,511,'4735BWO',3600);
insert into cars(id,model_id,numberplate,price) values (147,532,'7668NXY',33252);
insert into cars(id,model_id,numberplate,price) values (148,258,'6686LXT',3813);
insert into cars(id,model_id,numberplate,price) values (149,647,'2520NSN',29383);
insert into cars(id,model_id,numberplate,price) values (150,895,'6093IZN',20639);
insert into cars(id,model_id,numberplate,price) values (151,61,'3139TZB',22754);
insert into cars(id,model_id,numberplate,price) values (152,717,'6200AGW',19594);
insert into cars(id,model_id,numberplate,price) values (153,917,'6043WMU',31319);
insert into cars(id,model_id,numberplate,price) values (154,369,'8092TZI',2430);
insert into cars(id,model_id,numberplate,price) values (155,45,'4675YUO',10547);
insert into cars(id,model_id,numberplate,price) values (156,22,'3006NHT',15317);
insert into cars(id,model_id,numberplate,price) values (157,861,'3040AYT',19961);
insert into cars(id,model_id,numberplate,price) values (158,713,'7250SPQ',16662);
insert into cars(id,model_id,numberplate,price) values (159,192,'8507ZVT',19590);
insert into cars(id,model_id,numberplate,price) values (160,72,'4097TRR',34977);
insert into cars(id,model_id,numberplate,price) values (161,916,'2079BTB',32060);
insert into cars(id,model_id,numberplate,price) values (162,97,'8614AGH',193);
insert into cars(id,model_id,numberplate,price) values (163,364,'5910QSL',12040);
insert into cars(id,model_id,numberplate,price) values (164,541,'9208OUM',11191);
insert into cars(id,model_id,numberplate,price) values (165,473,'9011CVM',28411);
insert into cars(id,model_id,numberplate,price) values (166,52,'7449REO',42362);
insert into cars(id,model_id,numberplate,price) values (167,676,'3594DIT',10264);
insert into cars(id,model_id,numberplate,price) values (168,863,'4579LNA',15272);
insert into cars(id,model_id,numberplate,price) values (169,80,'2787XET',11190);
insert into cars(id,model_id,numberplate,price) values (170,269,'9348OAJ',38049);
insert into cars(id,model_id,numberplate,price) values (171,754,'7689BSB',261);
insert into cars(id,model_id,numberplate,price) values (172,141,'8917CDA',22064);
insert into cars(id,model_id,numberplate,price) values (173,375,'9673KLI',759);
insert into cars(id,model_id,numberplate,price) values (174,349,'2410AFH',37627);
insert into cars(id,model_id,numberplate,price) values (175,918,'1352RWS',17972);
insert into cars(id,model_id,numberplate,price) values (176,705,'9332QDS',33805);
insert into cars(id,model_id,numberplate,price) values (177,715,'2673SWZ',43399);
insert into cars(id,model_id,numberplate,price) values (178,94,'6683MXC',42964);
insert into cars(id,model_id,numberplate,price) values (179,439,'4087RZK',17645);
insert into cars(id,model_id,numberplate,price) values (180,75,'8362WJA',21008);
insert into cars(id,model_id,numberplate,price) values (181,518,'1012WHZ',30637);
insert into cars(id,model_id,numberplate,price) values (182,109,'1816VHD',20562);
insert into cars(id,model_id,numberplate,price) values (183,684,'5814UGK',2727);
insert into cars(id,model_id,numberplate,price) values (184,958,'7089MXC',12161);
insert into cars(id,model_id,numberplate,price) values (185,396,'1688CEB',14071);
insert into cars(id,model_id,numberplate,price) values (186,703,'1357UGS',19243);
insert into cars(id,model_id,numberplate,price) values (187,505,'8058RXH',20366);
insert into cars(id,model_id,numberplate,price) values (188,38,'7459FZQ',36882);
insert into cars(id,model_id,numberplate,price) values (189,47,'6034CRP',38278);
insert into cars(id,model_id,numberplate,price) values (190,851,'9829KJZ',38877);
insert into cars(id,model_id,numberplate,price) values (191,318,'9939QGW',9913);
insert into cars(id,model_id,numberplate,price) values (192,71,'2589QCX',20357);
insert into cars(id,model_id,numberplate,price) values (193,298,'6884CXX',39853);
insert into cars(id,model_id,numberplate,price) values (194,73,'4585PQB',20048);
insert into cars(id,model_id,numberplate,price) values (195,398,'8101ZLR',34582);
insert into cars(id,model_id,numberplate,price) values (196,235,'2578RFJ',32973);
insert into cars(id,model_id,numberplate,price) values (197,111,'4154ZEE',17161);
insert into cars(id,model_id,numberplate,price) values (198,239,'1001RYK',31671);
insert into cars(id,model_id,numberplate,price) values (199,21,'3550TTQ',13310);
insert into cars(id,model_id,numberplate,price) values (200,222,'9751FXX',13661);
insert into cars(id,model_id,numberplate,price) values (201,776,'5917UQH',23830);
insert into cars(id,model_id,numberplate,price) values (202,1007,'5385MBE',36364);
insert into cars(id,model_id,numberplate,price) values (203,385,'4975RRU',17649);
insert into cars(id,model_id,numberplate,price) values (204,501,'3061VZN',30975);
insert into cars(id,model_id,numberplate,price) values (205,765,'3042ZMW',37656);
insert into cars(id,model_id,numberplate,price) values (206,769,'7249XMK',13615);
insert into cars(id,model_id,numberplate,price) values (207,632,'6001NUE',6178);
insert into cars(id,model_id,numberplate,price) values (208,536,'1773HTA',14484);
insert into cars(id,model_id,numberplate,price) values (209,754,'2552OMZ',21641);
insert into cars(id,model_id,numberplate,price) values (210,741,'7085HVR',21627);
insert into cars(id,model_id,numberplate,price) values (211,382,'4039CTE',8349);
insert into cars(id,model_id,numberplate,price) values (212,681,'9989HVE',27712);
insert into cars(id,model_id,numberplate,price) values (213,634,'5189TVX',35936);
insert into cars(id,model_id,numberplate,price) values (214,315,'7230FRG',5714);
insert into cars(id,model_id,numberplate,price) values (215,203,'3502POD',1576);
insert into cars(id,model_id,numberplate,price) values (216,773,'1301PQO',19515);
insert into cars(id,model_id,numberplate,price) values (217,369,'2263BYM',22834);
insert into cars(id,model_id,numberplate,price) values (218,480,'5422WWM',20891);
insert into cars(id,model_id,numberplate,price) values (219,726,'7202YGI',41103);
insert into cars(id,model_id,numberplate,price) values (220,762,'5444QYA',41855);
insert into cars(id,model_id,numberplate,price) values (221,574,'2097NRI',14414);
insert into cars(id,model_id,numberplate,price) values (222,31,'3691DNL',17285);
insert into cars(id,model_id,numberplate,price) values (223,534,'7860OLG',10261);
insert into cars(id,model_id,numberplate,price) values (224,825,'4956RVO',15046);
insert into cars(id,model_id,numberplate,price) values (225,146,'6790MJM',29190);
insert into cars(id,model_id,numberplate,price) values (226,346,'6246EWF',9976);
insert into cars(id,model_id,numberplate,price) values (227,67,'9668CWG',38393);
insert into cars(id,model_id,numberplate,price) values (228,354,'1254RMM',5383);
insert into cars(id,model_id,numberplate,price) values (229,73,'1110GTS',11745);
insert into cars(id,model_id,numberplate,price) values (230,561,'3087UXB',7333);
insert into cars(id,model_id,numberplate,price) values (231,93,'7361ZST',17813);
insert into cars(id,model_id,numberplate,price) values (232,187,'9510HTL',19929);
insert into cars(id,model_id,numberplate,price) values (233,605,'6724VDK',44546);
insert into cars(id,model_id,numberplate,price) values (234,186,'4527CMQ',36522);
insert into cars(id,model_id,numberplate,price) values (235,675,'8908GIH',3160);
insert into cars(id,model_id,numberplate,price) values (236,225,'6660HLY',28879);
insert into cars(id,model_id,numberplate,price) values (237,976,'1044SZI',7658);
insert into cars(id,model_id,numberplate,price) values (238,548,'3890YMH',15440);
insert into cars(id,model_id,numberplate,price) values (239,87,'3833GXR',37304);
insert into cars(id,model_id,numberplate,price) values (240,283,'8095OCV',10112);
insert into cars(id,model_id,numberplate,price) values (241,199,'1016SKW',42922);
insert into cars(id,model_id,numberplate,price) values (242,466,'4415JPF',43230);
insert into cars(id,model_id,numberplate,price) values (243,701,'3337GOH',17452);
insert into cars(id,model_id,numberplate,price) values (244,752,'2302QHP',43697);
insert into cars(id,model_id,numberplate,price) values (245,556,'8367PTF',29932);
insert into cars(id,model_id,numberplate,price) values (246,884,'9678WAP',21762);
insert into cars(id,model_id,numberplate,price) values (247,586,'2145EXD',557);
insert into cars(id,model_id,numberplate,price) values (248,802,'3388SDO',38548);
insert into cars(id,model_id,numberplate,price) values (249,713,'6101KGX',3489);
insert into cars(id,model_id,numberplate,price) values (250,747,'5043BFJ',42270);
insert into cars(id,model_id,numberplate,price) values (251,457,'1254MGZ',8844);
insert into cars(id,model_id,numberplate,price) values (252,88,'7629NTS',11682);
insert into cars(id,model_id,numberplate,price) values (253,932,'6805JES',25567);
insert into cars(id,model_id,numberplate,price) values (254,568,'3508IWY',32691);
insert into cars(id,model_id,numberplate,price) values (255,484,'7157WLI',5123);
insert into cars(id,model_id,numberplate,price) values (256,300,'7172YBI',42200);
insert into cars(id,model_id,numberplate,price) values (257,664,'1392MDO',7690);
insert into cars(id,model_id,numberplate,price) values (258,208,'4206XUS',8163);
insert into cars(id,model_id,numberplate,price) values (259,272,'8761CZE',20646);
insert into cars(id,model_id,numberplate,price) values (260,759,'4527YIQ',21549);
insert into cars(id,model_id,numberplate,price) values (261,997,'3316MVY',2774);
insert into cars(id,model_id,numberplate,price) values (262,420,'3747RPH',42993);
insert into cars(id,model_id,numberplate,price) values (263,788,'7093QCO',27501);
insert into cars(id,model_id,numberplate,price) values (264,973,'6463VJS',9795);
insert into cars(id,model_id,numberplate,price) values (265,769,'7109GHY',9716);
insert into cars(id,model_id,numberplate,price) values (266,781,'9299AMT',31838);
insert into cars(id,model_id,numberplate,price) values (267,594,'9934KGB',31943);
insert into cars(id,model_id,numberplate,price) values (268,734,'7102QKU',2795);
insert into cars(id,model_id,numberplate,price) values (269,121,'2713ETE',17693);
insert into cars(id,model_id,numberplate,price) values (270,505,'2004ADM',43418);
insert into cars(id,model_id,numberplate,price) values (271,694,'9501FOZ',965);
insert into cars(id,model_id,numberplate,price) values (272,521,'4205YJZ',5457);
insert into cars(id,model_id,numberplate,price) values (273,390,'3249ZMZ',22618);
insert into cars(id,model_id,numberplate,price) values (274,144,'6192YZW',14772);
insert into cars(id,model_id,numberplate,price) values (275,161,'7012MHP',38630);
insert into cars(id,model_id,numberplate,price) values (276,750,'6044YPM',7620);
insert into cars(id,model_id,numberplate,price) values (277,288,'1378LMA',22678);
insert into cars(id,model_id,numberplate,price) values (278,249,'5535RMZ',1372);
insert into cars(id,model_id,numberplate,price) values (279,191,'3722ZGM',31448);
insert into cars(id,model_id,numberplate,price) values (280,175,'5479EQQ',23684);
insert into cars(id,model_id,numberplate,price) values (281,9,'9997DHU',26293);
insert into cars(id,model_id,numberplate,price) values (282,726,'8355JCO',18090);
insert into cars(id,model_id,numberplate,price) values (283,751,'7401ZEV',35448);
insert into cars(id,model_id,numberplate,price) values (284,345,'8428NBO',13305);
insert into cars(id,model_id,numberplate,price) values (285,772,'4149SRY',27250);
insert into cars(id,model_id,numberplate,price) values (286,235,'5456SZR',34740);
insert into cars(id,model_id,numberplate,price) values (287,270,'2408JWI',31507);
insert into cars(id,model_id,numberplate,price) values (288,698,'6298AWN',11052);
insert into cars(id,model_id,numberplate,price) values (289,654,'8435ZWO',5173);
insert into cars(id,model_id,numberplate,price) values (290,864,'6600IFV',30439);
insert into cars(id,model_id,numberplate,price) values (291,60,'2719CTX',6103);
insert into cars(id,model_id,numberplate,price) values (292,296,'7706XBS',25443);
insert into cars(id,model_id,numberplate,price) values (293,716,'7688FZL',32773);
insert into cars(id,model_id,numberplate,price) values (294,64,'8417TRW',3785);
insert into cars(id,model_id,numberplate,price) values (295,606,'7082PSP',7706);
insert into cars(id,model_id,numberplate,price) values (296,555,'1336SXS',30099);
insert into cars(id,model_id,numberplate,price) values (297,887,'2270SMF',39334);
insert into cars(id,model_id,numberplate,price) values (298,758,'3897WJZ',20376);
insert into cars(id,model_id,numberplate,price) values (299,743,'6987PUL',17288);
insert into cars(id,model_id,numberplate,price) values (300,482,'4857FDG',33526);
insert into cars(id,model_id,numberplate,price) values (301,978,'7977PNJ',15517);
insert into cars(id,model_id,numberplate,price) values (302,756,'7115TEX',28572);
insert into cars(id,model_id,numberplate,price) values (303,897,'7156EUN',13129);
insert into cars(id,model_id,numberplate,price) values (304,350,'4302OYA',25682);
insert into cars(id,model_id,numberplate,price) values (305,119,'2435DCB',12203);
insert into cars(id,model_id,numberplate,price) values (306,595,'5577ECI',31388);
insert into cars(id,model_id,numberplate,price) values (307,908,'2262ASD',1245);
insert into cars(id,model_id,numberplate,price) values (308,712,'8386JTL',21250);
insert into cars(id,model_id,numberplate,price) values (309,918,'1960SAF',19882);
insert into cars(id,model_id,numberplate,price) values (310,195,'5039SZP',9276);
insert into cars(id,model_id,numberplate,price) values (311,380,'9609KFJ',21590);
insert into cars(id,model_id,numberplate,price) values (312,934,'3506JUQ',17316);
insert into cars(id,model_id,numberplate,price) values (313,796,'1855POT',15574);
insert into cars(id,model_id,numberplate,price) values (314,256,'9279MSB',25356);
insert into cars(id,model_id,numberplate,price) values (315,791,'6711YUB',22269);
insert into cars(id,model_id,numberplate,price) values (316,904,'3665EWJ',36779);
insert into cars(id,model_id,numberplate,price) values (317,364,'1522HJP',21634);
insert into cars(id,model_id,numberplate,price) values (318,725,'9596JPE',27473);
insert into cars(id,model_id,numberplate,price) values (319,976,'2039KAD',42017);
insert into cars(id,model_id,numberplate,price) values (320,332,'5682SOF',34254);
insert into cars(id,model_id,numberplate,price) values (321,200,'7669YEU',14940);
insert into cars(id,model_id,numberplate,price) values (322,109,'9871XJN',14951);
insert into cars(id,model_id,numberplate,price) values (323,647,'9433YTW',42662);
insert into cars(id,model_id,numberplate,price) values (324,302,'6047TZP',33809);
insert into cars(id,model_id,numberplate,price) values (325,34,'1737QAF',36525);
insert into cars(id,model_id,numberplate,price) values (326,921,'3133MAL',41360);
insert into cars(id,model_id,numberplate,price) values (327,683,'4666GMU',25020);
insert into cars(id,model_id,numberplate,price) values (328,637,'8707RDF',17688);
insert into cars(id,model_id,numberplate,price) values (329,417,'1359UYD',19465);
insert into cars(id,model_id,numberplate,price) values (330,512,'2850OOB',32024);
insert into cars(id,model_id,numberplate,price) values (331,269,'1959AQP',7290);
insert into cars(id,model_id,numberplate,price) values (332,241,'2625SWY',32692);
insert into cars(id,model_id,numberplate,price) values (333,824,'1656XGC',40860);
insert into cars(id,model_id,numberplate,price) values (334,86,'6554LYH',36937);
insert into cars(id,model_id,numberplate,price) values (335,582,'1795XNF',34473);
insert into cars(id,model_id,numberplate,price) values (336,233,'2764TDW',35787);
insert into cars(id,model_id,numberplate,price) values (337,334,'2366IIQ',12794);
insert into cars(id,model_id,numberplate,price) values (338,684,'4038RXF',10534);
insert into cars(id,model_id,numberplate,price) values (339,519,'8695KVZ',15456);
insert into cars(id,model_id,numberplate,price) values (340,913,'6883LWD',7338);
insert into cars(id,model_id,numberplate,price) values (341,540,'1973ROL',40882);
insert into cars(id,model_id,numberplate,price) values (342,528,'9420SHC',39255);
insert into cars(id,model_id,numberplate,price) values (343,891,'9356HWA',39783);
insert into cars(id,model_id,numberplate,price) values (344,497,'6772LMT',7483);
insert into cars(id,model_id,numberplate,price) values (345,832,'1257XDF',38883);
insert into cars(id,model_id,numberplate,price) values (346,540,'6976MNQ',32490);
insert into cars(id,model_id,numberplate,price) values (347,669,'6057DRW',30833);
insert into cars(id,model_id,numberplate,price) values (348,471,'9369PMJ',23703);
insert into cars(id,model_id,numberplate,price) values (349,645,'5933TBX',8563);
insert into cars(id,model_id,numberplate,price) values (350,582,'2283UXL',44251);
insert into cars(id,model_id,numberplate,price) values (351,615,'4034VAX',39141);
insert into cars(id,model_id,numberplate,price) values (352,876,'5528OVY',3734);
insert into cars(id,model_id,numberplate,price) values (353,589,'1897ZGO',29807);
insert into cars(id,model_id,numberplate,price) values (354,66,'7960RGF',22387);
insert into cars(id,model_id,numberplate,price) values (355,366,'5991KVS',31618);
insert into cars(id,model_id,numberplate,price) values (356,252,'3461EHE',20900);
insert into cars(id,model_id,numberplate,price) values (357,225,'3411TEG',4132);
insert into cars(id,model_id,numberplate,price) values (358,572,'9053NUX',27812);
insert into cars(id,model_id,numberplate,price) values (359,140,'8776KAD',6628);
insert into cars(id,model_id,numberplate,price) values (360,833,'3560AMY',23926);
insert into cars(id,model_id,numberplate,price) values (361,802,'3221FEW',12590);
insert into cars(id,model_id,numberplate,price) values (362,17,'2534BQG',2512);
insert into cars(id,model_id,numberplate,price) values (363,534,'9534ZIX',2533);
insert into cars(id,model_id,numberplate,price) values (364,758,'4376OLT',20656);
insert into cars(id,model_id,numberplate,price) values (365,110,'7215SWP',33552);
insert into cars(id,model_id,numberplate,price) values (366,881,'4131JZK',19856);
insert into cars(id,model_id,numberplate,price) values (367,195,'9059FMH',37366);
insert into cars(id,model_id,numberplate,price) values (368,517,'3534JPQ',1187);
insert into cars(id,model_id,numberplate,price) values (369,967,'1220UGX',5761);
insert into cars(id,model_id,numberplate,price) values (370,839,'8061CZZ',38654);
insert into cars(id,model_id,numberplate,price) values (371,178,'4447DWD',34205);
insert into cars(id,model_id,numberplate,price) values (372,955,'1757HWZ',4873);
insert into cars(id,model_id,numberplate,price) values (373,343,'6761QWA',11905);
insert into cars(id,model_id,numberplate,price) values (374,36,'7967LEG',30465);
insert into cars(id,model_id,numberplate,price) values (375,602,'2519EOT',32328);
insert into cars(id,model_id,numberplate,price) values (376,937,'9828EUS',20991);
insert into cars(id,model_id,numberplate,price) values (377,985,'9073WHS',9238);
insert into cars(id,model_id,numberplate,price) values (378,532,'6932ZST',2043);
insert into cars(id,model_id,numberplate,price) values (379,885,'9258LQD',10139);
insert into cars(id,model_id,numberplate,price) values (380,567,'9582TLW',43040);
insert into cars(id,model_id,numberplate,price) values (381,207,'5500YFA',40684);
insert into cars(id,model_id,numberplate,price) values (382,309,'6928CGG',26645);
insert into cars(id,model_id,numberplate,price) values (383,847,'7481RAC',34993);
insert into cars(id,model_id,numberplate,price) values (384,8,'6004ECC',9317);
insert into cars(id,model_id,numberplate,price) values (385,626,'6790SUX',25741);
insert into cars(id,model_id,numberplate,price) values (386,232,'5538WNL',31556);
insert into cars(id,model_id,numberplate,price) values (387,349,'3355SGI',5972);
insert into cars(id,model_id,numberplate,price) values (388,937,'5251CZA',33977);
insert into cars(id,model_id,numberplate,price) values (389,480,'9897YMA',33521);
insert into cars(id,model_id,numberplate,price) values (390,327,'5877WHM',3028);
insert into cars(id,model_id,numberplate,price) values (391,366,'9367IFC',34601);
insert into cars(id,model_id,numberplate,price) values (392,728,'5318GUK',5959);
insert into cars(id,model_id,numberplate,price) values (393,790,'3167QIF',2705);
insert into cars(id,model_id,numberplate,price) values (394,197,'5103USH',19410);
insert into cars(id,model_id,numberplate,price) values (395,840,'4760NID',16147);
insert into cars(id,model_id,numberplate,price) values (396,529,'2107SYT',35470);
insert into cars(id,model_id,numberplate,price) values (397,209,'4875LYA',17973);
insert into cars(id,model_id,numberplate,price) values (398,435,'8101ODI',13400);
insert into cars(id,model_id,numberplate,price) values (399,476,'1115DUV',26240);
insert into cars(id,model_id,numberplate,price) values (400,431,'2903RHQ',18792);
insert into cars(id,model_id,numberplate,price) values (401,715,'7137OIS',11882);
insert into cars(id,model_id,numberplate,price) values (402,612,'5241EVR',23706);
insert into cars(id,model_id,numberplate,price) values (403,318,'6265XCZ',12754);
insert into cars(id,model_id,numberplate,price) values (404,306,'7536INY',4664);
insert into cars(id,model_id,numberplate,price) values (405,767,'5196CPF',44647);
insert into cars(id,model_id,numberplate,price) values (406,951,'7603WHM',44782);
insert into cars(id,model_id,numberplate,price) values (407,885,'2618ANV',28512);
insert into cars(id,model_id,numberplate,price) values (408,495,'2212ORH',2470);
insert into cars(id,model_id,numberplate,price) values (409,978,'7607BHQ',35136);
insert into cars(id,model_id,numberplate,price) values (410,35,'1368UHD',5347);
insert into cars(id,model_id,numberplate,price) values (411,888,'5489OWN',20587);
insert into cars(id,model_id,numberplate,price) values (412,855,'3885JEO',31513);
insert into cars(id,model_id,numberplate,price) values (413,462,'6252MWS',25156);
insert into cars(id,model_id,numberplate,price) values (414,100,'7691XOW',31379);
insert into cars(id,model_id,numberplate,price) values (415,303,'8772UXO',4746);
insert into cars(id,model_id,numberplate,price) values (416,497,'2939PKH',4768);
insert into cars(id,model_id,numberplate,price) values (417,127,'1207IIN',35714);
insert into cars(id,model_id,numberplate,price) values (418,298,'8662TBI',369);
insert into cars(id,model_id,numberplate,price) values (419,297,'5571RVE',39320);
insert into cars(id,model_id,numberplate,price) values (420,676,'8451VOK',2743);
insert into cars(id,model_id,numberplate,price) values (421,987,'1181OPH',40439);
insert into cars(id,model_id,numberplate,price) values (422,157,'6336WRZ',19092);
insert into cars(id,model_id,numberplate,price) values (423,268,'9399LTW',29377);
insert into cars(id,model_id,numberplate,price) values (424,557,'1109CQR',1041);
insert into cars(id,model_id,numberplate,price) values (425,729,'9326DWY',16151);
insert into cars(id,model_id,numberplate,price) values (426,412,'5832CCK',26932);
insert into cars(id,model_id,numberplate,price) values (427,630,'9955GPK',16302);
insert into cars(id,model_id,numberplate,price) values (428,92,'9090WEZ',32290);
insert into cars(id,model_id,numberplate,price) values (429,467,'1883RJK',1607);
insert into cars(id,model_id,numberplate,price) values (430,87,'5502GEF',31808);
insert into cars(id,model_id,numberplate,price) values (431,698,'9818IDA',4380);
insert into cars(id,model_id,numberplate,price) values (432,261,'6941ZTS',35497);
insert into cars(id,model_id,numberplate,price) values (433,545,'8519SFR',768);
insert into cars(id,model_id,numberplate,price) values (434,851,'1400AHA',14026);
insert into cars(id,model_id,numberplate,price) values (435,212,'8501PBO',16172);
insert into cars(id,model_id,numberplate,price) values (436,364,'7949VIS',39663);
insert into cars(id,model_id,numberplate,price) values (437,876,'2032RPQ',16193);
insert into cars(id,model_id,numberplate,price) values (438,194,'7668VEO',6016);
insert into cars(id,model_id,numberplate,price) values (439,27,'2583IVG',10424);
insert into cars(id,model_id,numberplate,price) values (440,724,'6618VSW',14703);
insert into cars(id,model_id,numberplate,price) values (441,36,'4096RBJ',34374);
insert into cars(id,model_id,numberplate,price) values (442,45,'3080EYQ',30001);
insert into cars(id,model_id,numberplate,price) values (443,684,'4982YHU',33011);
insert into cars(id,model_id,numberplate,price) values (444,551,'2684WTM',41893);
insert into cars(id,model_id,numberplate,price) values (445,111,'4112SOP',40130);
insert into cars(id,model_id,numberplate,price) values (446,122,'9587VUR',42666);
insert into cars(id,model_id,numberplate,price) values (447,742,'8191LRQ',22493);
insert into cars(id,model_id,numberplate,price) values (448,65,'8743JSO',23547);
insert into cars(id,model_id,numberplate,price) values (449,219,'2125NRS',22105);
insert into cars(id,model_id,numberplate,price) values (450,848,'6313UGF',15126);
insert into cars(id,model_id,numberplate,price) values (451,891,'5840SZR',5777);
insert into cars(id,model_id,numberplate,price) values (452,181,'1883QOS',31756);
insert into cars(id,model_id,numberplate,price) values (453,151,'1768IET',35460);
insert into cars(id,model_id,numberplate,price) values (454,390,'8736OVS',20742);
insert into cars(id,model_id,numberplate,price) values (455,690,'1475IFG',11560);
insert into cars(id,model_id,numberplate,price) values (456,889,'5557KNC',13394);
insert into cars(id,model_id,numberplate,price) values (457,754,'9925VWK',29971);
insert into cars(id,model_id,numberplate,price) values (458,848,'7895FNY',39802);
insert into cars(id,model_id,numberplate,price) values (459,836,'2695FJM',38108);
insert into cars(id,model_id,numberplate,price) values (460,730,'6987JBU',28919);
insert into cars(id,model_id,numberplate,price) values (461,150,'7995OWD',29210);
insert into cars(id,model_id,numberplate,price) values (462,94,'2851UEG',29219);
insert into cars(id,model_id,numberplate,price) values (463,1006,'8029KXM',19400);
insert into cars(id,model_id,numberplate,price) values (464,592,'3207YIE',42259);
insert into cars(id,model_id,numberplate,price) values (465,356,'4113IUJ',42643);
insert into cars(id,model_id,numberplate,price) values (466,431,'3462BCS',9097);
insert into cars(id,model_id,numberplate,price) values (467,911,'2370WGX',37431);
insert into cars(id,model_id,numberplate,price) values (468,536,'6777ILQ',43112);
insert into cars(id,model_id,numberplate,price) values (469,428,'1298HBG',12224);
insert into cars(id,model_id,numberplate,price) values (470,633,'3954WKU',23435);
insert into cars(id,model_id,numberplate,price) values (471,69,'7424VXS',39784);
insert into cars(id,model_id,numberplate,price) values (472,503,'1994XHK',3031);
insert into cars(id,model_id,numberplate,price) values (473,146,'7644TRR',27730);
insert into cars(id,model_id,numberplate,price) values (474,247,'8808LMQ',16838);
insert into cars(id,model_id,numberplate,price) values (475,64,'5541CDR',34438);
insert into cars(id,model_id,numberplate,price) values (476,201,'4777PYP',41656);
insert into cars(id,model_id,numberplate,price) values (477,974,'4442ZXI',23011);
insert into cars(id,model_id,numberplate,price) values (478,199,'9790GZD',10415);
insert into cars(id,model_id,numberplate,price) values (479,719,'3976OEI',44665);
insert into cars(id,model_id,numberplate,price) values (480,740,'1152XVE',34771);
insert into cars(id,model_id,numberplate,price) values (481,31,'9639SJG',39209);
insert into cars(id,model_id,numberplate,price) values (482,673,'2526CQT',1653);
insert into cars(id,model_id,numberplate,price) values (483,190,'2144YHD',20581);
insert into cars(id,model_id,numberplate,price) values (484,967,'9408UPK',4606);
insert into cars(id,model_id,numberplate,price) values (485,548,'1656JDR',30308);
insert into cars(id,model_id,numberplate,price) values (486,127,'9946ZAA',32002);
insert into cars(id,model_id,numberplate,price) values (487,123,'6695PWN',12976);
insert into cars(id,model_id,numberplate,price) values (488,960,'1214YTD',42954);
insert into cars(id,model_id,numberplate,price) values (489,405,'6893QZL',37297);
insert into cars(id,model_id,numberplate,price) values (490,930,'9069TAE',30641);
insert into cars(id,model_id,numberplate,price) values (491,704,'3147BGS',32443);
insert into cars(id,model_id,numberplate,price) values (492,48,'8789TIK',1625);
insert into cars(id,model_id,numberplate,price) values (493,539,'5568BSG',33449);
insert into cars(id,model_id,numberplate,price) values (494,684,'4632VVM',38050);
insert into cars(id,model_id,numberplate,price) values (495,459,'5929EMI',22369);
insert into cars(id,model_id,numberplate,price) values (496,730,'9837YAS',6768);
insert into cars(id,model_id,numberplate,price) values (497,535,'9475KWK',13003);
insert into cars(id,model_id,numberplate,price) values (498,998,'4838BBY',37904);
insert into cars(id,model_id,numberplate,price) values (499,262,'5850QDL',3899);
insert into cars(id,model_id,numberplate,price) values (500,671,'7519VXT',904);
insert into cars(id,model_id,numberplate,price) values (501,707,'1559WEW',1941);
insert into cars(id,model_id,numberplate,price) values (502,872,'5376ALD',11793);
insert into cars(id,model_id,numberplate,price) values (503,156,'7245CBH',10206);
insert into cars(id,model_id,numberplate,price) values (504,321,'9003JRR',44756);
insert into cars(id,model_id,numberplate,price) values (505,513,'8631BOZ',23806);
insert into cars(id,model_id,numberplate,price) values (506,89,'5038LSI',44901);
insert into cars(id,model_id,numberplate,price) values (507,902,'6478QLS',17070);
insert into cars(id,model_id,numberplate,price) values (508,747,'2116FBQ',37322);
insert into cars(id,model_id,numberplate,price) values (509,152,'8593JIQ',21716);
insert into cars(id,model_id,numberplate,price) values (510,112,'9535EYY',13761);
insert into cars(id,model_id,numberplate,price) values (511,938,'2935JDG',12512);
insert into cars(id,model_id,numberplate,price) values (512,937,'4421YHR',37105);
insert into cars(id,model_id,numberplate,price) values (513,630,'3793GWS',5691);
insert into cars(id,model_id,numberplate,price) values (514,733,'4429NUR',17201);
insert into cars(id,model_id,numberplate,price) values (515,666,'7990OEV',19517);
insert into cars(id,model_id,numberplate,price) values (516,457,'9220RFC',24997);
insert into cars(id,model_id,numberplate,price) values (517,562,'9115JCY',10688);
insert into cars(id,model_id,numberplate,price) values (518,283,'9721WWN',42744);
insert into cars(id,model_id,numberplate,price) values (519,821,'3416EJQ',5060);
insert into cars(id,model_id,numberplate,price) values (520,589,'7745RGM',23112);
insert into cars(id,model_id,numberplate,price) values (521,251,'5438VBD',17085);
insert into cars(id,model_id,numberplate,price) values (522,404,'6466MDE',11591);
insert into cars(id,model_id,numberplate,price) values (523,766,'1577DKL',35490);
insert into cars(id,model_id,numberplate,price) values (524,650,'8520IIT',32274);
insert into cars(id,model_id,numberplate,price) values (525,855,'6978BBX',36558);
insert into cars(id,model_id,numberplate,price) values (526,338,'9222SEX',35607);
insert into cars(id,model_id,numberplate,price) values (527,893,'1617NLY',14895);
insert into cars(id,model_id,numberplate,price) values (528,184,'9043KKJ',41117);
insert into cars(id,model_id,numberplate,price) values (529,93,'5332FLY',36705);
insert into cars(id,model_id,numberplate,price) values (530,759,'3483SXT',37233);
insert into cars(id,model_id,numberplate,price) values (531,229,'7074DFM',36500);
insert into cars(id,model_id,numberplate,price) values (532,664,'6845SIM',7665);
insert into cars(id,model_id,numberplate,price) values (533,251,'2929CCS',11772);
insert into cars(id,model_id,numberplate,price) values (534,872,'5467ZXO',31187);
insert into cars(id,model_id,numberplate,price) values (535,743,'2371HWI',2084);
insert into cars(id,model_id,numberplate,price) values (536,633,'9621YYQ',22791);
insert into cars(id,model_id,numberplate,price) values (537,526,'2205KCY',26147);
insert into cars(id,model_id,numberplate,price) values (538,273,'2682SOL',17101);
insert into cars(id,model_id,numberplate,price) values (539,854,'2269QLN',29080);
insert into cars(id,model_id,numberplate,price) values (540,240,'7744GCP',37383);
insert into cars(id,model_id,numberplate,price) values (541,36,'7026SYO',8167);
insert into cars(id,model_id,numberplate,price) values (542,78,'1731CRX',31716);
insert into cars(id,model_id,numberplate,price) values (543,434,'7788GGK',21813);
insert into cars(id,model_id,numberplate,price) values (544,193,'4116VWN',2958);
insert into cars(id,model_id,numberplate,price) values (545,971,'2717ODQ',21892);
insert into cars(id,model_id,numberplate,price) values (546,153,'9977QOE',1401);
insert into cars(id,model_id,numberplate,price) values (547,304,'6078WUK',43666);
insert into cars(id,model_id,numberplate,price) values (548,912,'8623DKD',42658);
insert into cars(id,model_id,numberplate,price) values (549,375,'3553JUD',14890);
insert into cars(id,model_id,numberplate,price) values (550,982,'6307GCD',13243);
insert into cars(id,model_id,numberplate,price) values (551,215,'1581UGX',28932);
insert into cars(id,model_id,numberplate,price) values (552,735,'1331PDR',41495);
insert into cars(id,model_id,numberplate,price) values (553,228,'2050SKA',20876);
insert into cars(id,model_id,numberplate,price) values (554,595,'8814UFR',7347);
insert into cars(id,model_id,numberplate,price) values (555,463,'4198VFQ',8747);
insert into cars(id,model_id,numberplate,price) values (556,577,'2999UKC',41456);
insert into cars(id,model_id,numberplate,price) values (557,897,'5787OQE',31849);
insert into cars(id,model_id,numberplate,price) values (558,3,'7717JGF',10271);
insert into cars(id,model_id,numberplate,price) values (559,576,'8122ZWF',29405);
insert into cars(id,model_id,numberplate,price) values (560,765,'3508BAV',13228);
insert into cars(id,model_id,numberplate,price) values (561,218,'2155IDX',14639);
insert into cars(id,model_id,numberplate,price) values (562,53,'9806WTR',23826);
insert into cars(id,model_id,numberplate,price) values (563,1003,'4242ADX',6307);
insert into cars(id,model_id,numberplate,price) values (564,903,'9254HDL',44846);
insert into cars(id,model_id,numberplate,price) values (565,730,'2568WZE',37208);
insert into cars(id,model_id,numberplate,price) values (566,129,'7341CFA',1777);
insert into cars(id,model_id,numberplate,price) values (567,713,'9172LPJ',34829);
insert into cars(id,model_id,numberplate,price) values (568,850,'5148WXU',5312);
insert into cars(id,model_id,numberplate,price) values (569,600,'7763DXN',8813);
insert into cars(id,model_id,numberplate,price) values (570,490,'3757VJX',30861);
insert into cars(id,model_id,numberplate,price) values (571,493,'7417PAW',972);
insert into cars(id,model_id,numberplate,price) values (572,313,'9050WID',1660);
insert into cars(id,model_id,numberplate,price) values (573,411,'3962BNZ',29714);
insert into cars(id,model_id,numberplate,price) values (574,411,'7086LEZ',5302);
insert into cars(id,model_id,numberplate,price) values (575,443,'8047AFC',26947);
insert into cars(id,model_id,numberplate,price) values (576,199,'5274HDM',26545);
insert into cars(id,model_id,numberplate,price) values (577,301,'1719NZZ',15064);
insert into cars(id,model_id,numberplate,price) values (578,722,'1617RZY',36333);
insert into cars(id,model_id,numberplate,price) values (579,115,'6633LMA',42580);
insert into cars(id,model_id,numberplate,price) values (580,884,'6444JHI',23312);
insert into cars(id,model_id,numberplate,price) values (581,522,'8341CRM',36747);
insert into cars(id,model_id,numberplate,price) values (582,391,'2263FJQ',14684);
insert into cars(id,model_id,numberplate,price) values (583,10,'7995GJB',34985);
insert into cars(id,model_id,numberplate,price) values (584,306,'8159VOF',44486);
insert into cars(id,model_id,numberplate,price) values (585,498,'7018MTR',22104);
insert into cars(id,model_id,numberplate,price) values (586,5,'7399BKT',395);
insert into cars(id,model_id,numberplate,price) values (587,88,'4233TGT',25337);
insert into cars(id,model_id,numberplate,price) values (588,457,'6932ZYE',2463);
insert into cars(id,model_id,numberplate,price) values (589,581,'7783BEK',27420);
insert into cars(id,model_id,numberplate,price) values (590,455,'3516CLQ',42441);
insert into cars(id,model_id,numberplate,price) values (591,138,'9062IJX',40792);
insert into cars(id,model_id,numberplate,price) values (592,587,'1089KOY',37729);
insert into cars(id,model_id,numberplate,price) values (593,77,'8169IYV',23794);
insert into cars(id,model_id,numberplate,price) values (594,148,'7330VBY',5058);
insert into cars(id,model_id,numberplate,price) values (595,745,'1991NEC',39285);
insert into cars(id,model_id,numberplate,price) values (596,105,'1812NRM',22109);
insert into cars(id,model_id,numberplate,price) values (597,369,'6450SCH',32708);
insert into cars(id,model_id,numberplate,price) values (598,722,'3196HQU',18005);
insert into cars(id,model_id,numberplate,price) values (599,224,'8611WVH',23519);
insert into cars(id,model_id,numberplate,price) values (600,183,'4118BUM',20642);
insert into cars(id,model_id,numberplate,price) values (601,775,'6737ZFU',37977);
insert into cars(id,model_id,numberplate,price) values (602,393,'7507GYT',26693);
insert into cars(id,model_id,numberplate,price) values (603,365,'5586PJG',44057);
insert into cars(id,model_id,numberplate,price) values (604,694,'5538XGF',17149);
insert into cars(id,model_id,numberplate,price) values (605,79,'2101OEQ',2445);
insert into cars(id,model_id,numberplate,price) values (606,195,'5896GZB',11581);
insert into cars(id,model_id,numberplate,price) values (607,16,'4156HIP',33933);
insert into cars(id,model_id,numberplate,price) values (608,590,'2804JTM',29086);
insert into cars(id,model_id,numberplate,price) values (609,829,'3282AJI',13030);
insert into cars(id,model_id,numberplate,price) values (610,207,'4118ORG',4025);
insert into cars(id,model_id,numberplate,price) values (611,168,'2560KFQ',22590);
insert into cars(id,model_id,numberplate,price) values (612,833,'7343PMZ',10430);
insert into cars(id,model_id,numberplate,price) values (613,868,'5867VEY',1060);
insert into cars(id,model_id,numberplate,price) values (614,346,'7934MSI',27768);
insert into cars(id,model_id,numberplate,price) values (615,345,'5557UKN',12429);
insert into cars(id,model_id,numberplate,price) values (616,82,'4099NIU',42576);
insert into cars(id,model_id,numberplate,price) values (617,966,'2692XIT',153);
insert into cars(id,model_id,numberplate,price) values (618,533,'1333QZH',5254);
insert into cars(id,model_id,numberplate,price) values (619,952,'6195IQY',44215);
insert into cars(id,model_id,numberplate,price) values (620,923,'4910ZQN',28791);
insert into cars(id,model_id,numberplate,price) values (621,437,'3919CDU',18938);
insert into cars(id,model_id,numberplate,price) values (622,704,'4958VHB',35421);
insert into cars(id,model_id,numberplate,price) values (623,231,'3739XTQ',1596);
insert into cars(id,model_id,numberplate,price) values (624,235,'5361KKB',6170);
insert into cars(id,model_id,numberplate,price) values (625,550,'5239GDJ',11965);
insert into cars(id,model_id,numberplate,price) values (626,824,'7580MCF',40060);
insert into cars(id,model_id,numberplate,price) values (627,321,'2077EVN',33463);
insert into cars(id,model_id,numberplate,price) values (628,741,'1115WFE',2218);
insert into cars(id,model_id,numberplate,price) values (629,903,'2180HIY',5946);
insert into cars(id,model_id,numberplate,price) values (630,173,'8451KXB',33852);
insert into cars(id,model_id,numberplate,price) values (631,514,'9128FGJ',15064);
insert into cars(id,model_id,numberplate,price) values (632,591,'8992JRS',25797);
insert into cars(id,model_id,numberplate,price) values (633,648,'6275ZXW',36426);
insert into cars(id,model_id,numberplate,price) values (634,247,'2708NDY',27476);
insert into cars(id,model_id,numberplate,price) values (635,351,'6023RRP',12276);
insert into cars(id,model_id,numberplate,price) values (636,565,'2555NIW',17608);
insert into cars(id,model_id,numberplate,price) values (637,166,'9049WUL',2669);
insert into cars(id,model_id,numberplate,price) values (638,418,'5532NGQ',41782);
insert into cars(id,model_id,numberplate,price) values (639,940,'9739BPV',16637);
insert into cars(id,model_id,numberplate,price) values (640,924,'5284XZF',37314);
insert into cars(id,model_id,numberplate,price) values (641,549,'1749FTV',41654);
insert into cars(id,model_id,numberplate,price) values (642,80,'1345LYW',44402);
insert into cars(id,model_id,numberplate,price) values (643,156,'2299UWW',21455);
insert into cars(id,model_id,numberplate,price) values (644,36,'2356EXS',6443);
insert into cars(id,model_id,numberplate,price) values (645,908,'5052YYX',19133);
insert into cars(id,model_id,numberplate,price) values (646,256,'6161GCZ',29815);
insert into cars(id,model_id,numberplate,price) values (647,98,'5122SGR',1646);
insert into cars(id,model_id,numberplate,price) values (648,604,'1690JFV',14736);
insert into cars(id,model_id,numberplate,price) values (649,245,'6943AWU',3171);
insert into cars(id,model_id,numberplate,price) values (650,852,'7848UBQ',35569);
insert into cars(id,model_id,numberplate,price) values (651,562,'5751HSE',6175);
insert into cars(id,model_id,numberplate,price) values (652,264,'7857CUU',689);
insert into cars(id,model_id,numberplate,price) values (653,641,'4991KLM',23516);
insert into cars(id,model_id,numberplate,price) values (654,17,'4820GWL',17148);
insert into cars(id,model_id,numberplate,price) values (655,790,'9679ICV',26194);
insert into cars(id,model_id,numberplate,price) values (656,83,'3909LLC',5958);
insert into cars(id,model_id,numberplate,price) values (657,468,'4303AHW',20801);
insert into cars(id,model_id,numberplate,price) values (658,555,'2331BJW',43954);
insert into cars(id,model_id,numberplate,price) values (659,718,'4905VVT',23827);
insert into cars(id,model_id,numberplate,price) values (660,961,'6258NDL',42854);
insert into cars(id,model_id,numberplate,price) values (661,722,'9989XSO',25577);
insert into cars(id,model_id,numberplate,price) values (662,664,'2035INI',867);
insert into cars(id,model_id,numberplate,price) values (663,61,'5636YCK',6946);
insert into cars(id,model_id,numberplate,price) values (664,492,'3219ENR',31082);
insert into cars(id,model_id,numberplate,price) values (665,409,'5104NJV',4547);
insert into cars(id,model_id,numberplate,price) values (666,805,'9437FRK',32747);
insert into cars(id,model_id,numberplate,price) values (667,302,'5379SBS',11317);
insert into cars(id,model_id,numberplate,price) values (668,679,'9601WOH',20126);
insert into cars(id,model_id,numberplate,price) values (669,343,'8539WUS',15398);
insert into cars(id,model_id,numberplate,price) values (670,839,'9424ZBG',30886);
insert into cars(id,model_id,numberplate,price) values (671,915,'2235JRK',18471);
insert into cars(id,model_id,numberplate,price) values (672,179,'3638RRE',33889);
insert into cars(id,model_id,numberplate,price) values (673,763,'5432IHH',669);
insert into cars(id,model_id,numberplate,price) values (674,523,'7259ZTX',29242);
insert into cars(id,model_id,numberplate,price) values (675,980,'4922VFF',30533);
insert into cars(id,model_id,numberplate,price) values (676,182,'1979NUR',21804);
insert into cars(id,model_id,numberplate,price) values (677,629,'3956EJC',1536);
insert into cars(id,model_id,numberplate,price) values (678,889,'1333IOV',2686);
insert into cars(id,model_id,numberplate,price) values (679,118,'3534SUS',19602);
insert into cars(id,model_id,numberplate,price) values (680,780,'4798VFQ',9217);
insert into cars(id,model_id,numberplate,price) values (681,944,'5775JGU',17661);
insert into cars(id,model_id,numberplate,price) values (682,446,'9713ISM',36562);
insert into cars(id,model_id,numberplate,price) values (683,8,'7081RLT',2418);
insert into cars(id,model_id,numberplate,price) values (684,675,'8096OMS',3172);
insert into cars(id,model_id,numberplate,price) values (685,595,'9139XQM',37649);
insert into cars(id,model_id,numberplate,price) values (686,765,'3661LKO',38494);
insert into cars(id,model_id,numberplate,price) values (687,557,'1195NMN',32722);
insert into cars(id,model_id,numberplate,price) values (688,875,'4234YKT',41896);
insert into cars(id,model_id,numberplate,price) values (689,471,'3967LDR',3640);
insert into cars(id,model_id,numberplate,price) values (690,724,'4806YNX',23222);
insert into cars(id,model_id,numberplate,price) values (691,770,'4358JIP',13904);
insert into cars(id,model_id,numberplate,price) values (692,419,'3236CQO',14405);
insert into cars(id,model_id,numberplate,price) values (693,99,'6013DQV',35679);
insert into cars(id,model_id,numberplate,price) values (694,750,'7839ZPT',38041);
insert into cars(id,model_id,numberplate,price) values (695,526,'3362JYW',35200);
insert into cars(id,model_id,numberplate,price) values (696,536,'6016SYY',37784);
insert into cars(id,model_id,numberplate,price) values (697,853,'9905HQJ',41794);
insert into cars(id,model_id,numberplate,price) values (698,965,'9850JVO',42864);
insert into cars(id,model_id,numberplate,price) values (699,19,'7129UUT',22325);
insert into cars(id,model_id,numberplate,price) values (700,665,'3864CTX',14889);
insert into cars(id,model_id,numberplate,price) values (701,719,'7365NSE',18518);
insert into cars(id,model_id,numberplate,price) values (702,482,'4055YUK',1148);
insert into cars(id,model_id,numberplate,price) values (703,474,'5380ORG',32503);
insert into cars(id,model_id,numberplate,price) values (704,875,'5141OQO',40624);
insert into cars(id,model_id,numberplate,price) values (705,330,'8442IZF',16793);
insert into cars(id,model_id,numberplate,price) values (706,925,'7251GCO',1641);
insert into cars(id,model_id,numberplate,price) values (707,139,'4938HMV',8041);
insert into cars(id,model_id,numberplate,price) values (708,12,'3887UBL',11880);
insert into cars(id,model_id,numberplate,price) values (709,139,'5054JZQ',16995);
insert into cars(id,model_id,numberplate,price) values (710,402,'2659CCS',26411);
insert into cars(id,model_id,numberplate,price) values (711,613,'2160OFS',32323);
insert into cars(id,model_id,numberplate,price) values (712,807,'2074ESY',27263);
insert into cars(id,model_id,numberplate,price) values (713,767,'4632SGN',36058);
insert into cars(id,model_id,numberplate,price) values (714,376,'5380BGN',30361);
insert into cars(id,model_id,numberplate,price) values (715,213,'2410FZX',41845);
insert into cars(id,model_id,numberplate,price) values (716,474,'6324MCJ',17641);
insert into cars(id,model_id,numberplate,price) values (717,399,'7116AXF',17545);
insert into cars(id,model_id,numberplate,price) values (718,529,'6141FLO',3891);
insert into cars(id,model_id,numberplate,price) values (719,616,'9521MLS',15437);
insert into cars(id,model_id,numberplate,price) values (720,900,'3070JZZ',22163);
insert into cars(id,model_id,numberplate,price) values (721,536,'1333NHC',27593);
insert into cars(id,model_id,numberplate,price) values (722,104,'9139KLG',29181);
insert into cars(id,model_id,numberplate,price) values (723,826,'8064PUS',10168);
insert into cars(id,model_id,numberplate,price) values (724,351,'6933EKE',27526);
insert into cars(id,model_id,numberplate,price) values (725,497,'6848PGN',10295);
insert into cars(id,model_id,numberplate,price) values (726,913,'7731JSF',38443);
insert into cars(id,model_id,numberplate,price) values (727,936,'5833IGH',7414);
insert into cars(id,model_id,numberplate,price) values (728,698,'9554ICX',38705);
insert into cars(id,model_id,numberplate,price) values (729,839,'7403QXW',43025);
insert into cars(id,model_id,numberplate,price) values (730,837,'3187HNN',15774);
insert into cars(id,model_id,numberplate,price) values (731,945,'3382VBM',20897);
insert into cars(id,model_id,numberplate,price) values (732,661,'2289XNV',24227);
insert into cars(id,model_id,numberplate,price) values (733,588,'4347MJZ',28237);
insert into cars(id,model_id,numberplate,price) values (734,790,'8112YRL',29843);
insert into cars(id,model_id,numberplate,price) values (735,520,'9747LUN',41943);
insert into cars(id,model_id,numberplate,price) values (736,598,'5680ERT',30682);
insert into cars(id,model_id,numberplate,price) values (737,979,'6870AET',26746);
insert into cars(id,model_id,numberplate,price) values (738,932,'4590IFG',8801);
insert into cars(id,model_id,numberplate,price) values (739,98,'1070SBH',1109);
insert into cars(id,model_id,numberplate,price) values (740,333,'2866FGH',26352);
insert into cars(id,model_id,numberplate,price) values (741,710,'5446HEY',15427);
insert into cars(id,model_id,numberplate,price) values (742,218,'9608CIV',14905);
insert into cars(id,model_id,numberplate,price) values (743,276,'2197VVN',41572);
insert into cars(id,model_id,numberplate,price) values (744,707,'2056XWE',6838);
insert into cars(id,model_id,numberplate,price) values (745,1001,'4781BFA',6057);
insert into cars(id,model_id,numberplate,price) values (746,969,'3321SPD',1114);
insert into cars(id,model_id,numberplate,price) values (747,862,'1279LFN',21549);
insert into cars(id,model_id,numberplate,price) values (748,500,'1883UVP',37044);
insert into cars(id,model_id,numberplate,price) values (749,826,'2984FJB',833);
insert into cars(id,model_id,numberplate,price) values (750,832,'2060HKB',43547);
insert into cars(id,model_id,numberplate,price) values (751,214,'8396RDD',25293);
insert into cars(id,model_id,numberplate,price) values (752,268,'7552AIY',19384);
insert into cars(id,model_id,numberplate,price) values (753,738,'1091NEZ',21671);
insert into cars(id,model_id,numberplate,price) values (754,890,'3061RIH',9440);
insert into cars(id,model_id,numberplate,price) values (755,298,'6858FMN',888);
insert into cars(id,model_id,numberplate,price) values (756,464,'7859THH',33379);
insert into cars(id,model_id,numberplate,price) values (757,533,'9867NVH',23826);
insert into cars(id,model_id,numberplate,price) values (758,111,'2601FGF',10627);
insert into cars(id,model_id,numberplate,price) values (759,526,'4401COP',5337);
insert into cars(id,model_id,numberplate,price) values (760,310,'9521EYQ',18120);
insert into cars(id,model_id,numberplate,price) values (761,564,'1766PFW',14804);
insert into cars(id,model_id,numberplate,price) values (762,749,'7174ULY',26700);
insert into cars(id,model_id,numberplate,price) values (763,58,'4624TRT',18194);
insert into cars(id,model_id,numberplate,price) values (764,65,'2766TIC',9339);
insert into cars(id,model_id,numberplate,price) values (765,239,'8776CWV',29951);
insert into cars(id,model_id,numberplate,price) values (766,118,'5633JBT',43236);
insert into cars(id,model_id,numberplate,price) values (767,555,'2399YUG',13068);
insert into cars(id,model_id,numberplate,price) values (768,884,'8892ARK',40913);
insert into cars(id,model_id,numberplate,price) values (769,842,'8713VYF',41323);
insert into cars(id,model_id,numberplate,price) values (770,566,'8287ZMH',13102);
insert into cars(id,model_id,numberplate,price) values (771,648,'4989PLB',23695);
insert into cars(id,model_id,numberplate,price) values (772,542,'6369ZPO',33345);
insert into cars(id,model_id,numberplate,price) values (773,742,'9636HSC',26054);
insert into cars(id,model_id,numberplate,price) values (774,301,'2112RMO',36368);
insert into cars(id,model_id,numberplate,price) values (775,503,'5657JEQ',43052);
insert into cars(id,model_id,numberplate,price) values (776,864,'2601MVT',38819);
insert into cars(id,model_id,numberplate,price) values (777,839,'6369XHP',4092);
insert into cars(id,model_id,numberplate,price) values (778,544,'8812ZSA',1724);
insert into cars(id,model_id,numberplate,price) values (779,989,'7478TWZ',32517);
insert into cars(id,model_id,numberplate,price) values (780,249,'3892NVK',17326);
insert into cars(id,model_id,numberplate,price) values (781,365,'9728TEL',25928);
insert into cars(id,model_id,numberplate,price) values (782,81,'6756CVC',19333);
insert into cars(id,model_id,numberplate,price) values (783,191,'9823DXL',1864);
insert into cars(id,model_id,numberplate,price) values (784,215,'2188PUC',7041);
insert into cars(id,model_id,numberplate,price) values (785,158,'1121IPK',40212);
insert into cars(id,model_id,numberplate,price) values (786,362,'1992CSU',7422);
insert into cars(id,model_id,numberplate,price) values (787,832,'7460FRL',19211);
insert into cars(id,model_id,numberplate,price) values (788,389,'5171CMA',16979);
insert into cars(id,model_id,numberplate,price) values (789,125,'4278SSC',9793);
insert into cars(id,model_id,numberplate,price) values (790,786,'8543BUC',39981);
insert into cars(id,model_id,numberplate,price) values (791,304,'7900BDM',22755);
insert into cars(id,model_id,numberplate,price) values (792,307,'7562PWR',21588);
insert into cars(id,model_id,numberplate,price) values (793,712,'5400JCE',3027);
insert into cars(id,model_id,numberplate,price) values (794,800,'4359ZOE',6630);
insert into cars(id,model_id,numberplate,price) values (795,737,'1481EGZ',28527);
insert into cars(id,model_id,numberplate,price) values (796,181,'6176KDP',42855);
insert into cars(id,model_id,numberplate,price) values (797,5,'1663XDB',29925);
insert into cars(id,model_id,numberplate,price) values (798,547,'9227CGU',16428);
insert into cars(id,model_id,numberplate,price) values (799,818,'4065CPM',9857);
insert into cars(id,model_id,numberplate,price) values (800,560,'6702VAQ',21536);
insert into cars(id,model_id,numberplate,price) values (801,844,'6000GOK',38631);
insert into cars(id,model_id,numberplate,price) values (802,549,'9144VLU',27304);
insert into cars(id,model_id,numberplate,price) values (803,573,'5814AML',11734);
insert into cars(id,model_id,numberplate,price) values (804,480,'5699UKF',19053);
insert into cars(id,model_id,numberplate,price) values (805,62,'5859HLV',19352);
insert into cars(id,model_id,numberplate,price) values (806,787,'2959QIN',9238);
insert into cars(id,model_id,numberplate,price) values (807,140,'1732AJT',29329);
insert into cars(id,model_id,numberplate,price) values (808,842,'3511MXO',4455);
insert into cars(id,model_id,numberplate,price) values (809,353,'2730CSJ',31435);
insert into cars(id,model_id,numberplate,price) values (810,534,'1441ABS',16600);
insert into cars(id,model_id,numberplate,price) values (811,642,'6541FHX',8377);
insert into cars(id,model_id,numberplate,price) values (812,492,'7691QBQ',5501);
insert into cars(id,model_id,numberplate,price) values (813,330,'9658ITW',36812);
insert into cars(id,model_id,numberplate,price) values (814,42,'9084CDL',23339);
insert into cars(id,model_id,numberplate,price) values (815,429,'5064YQN',25624);
insert into cars(id,model_id,numberplate,price) values (816,153,'1429KVB',1965);
insert into cars(id,model_id,numberplate,price) values (817,664,'7728AZZ',2046);
insert into cars(id,model_id,numberplate,price) values (818,739,'7102CCO',10066);
insert into cars(id,model_id,numberplate,price) values (819,740,'5498EPX',11098);
insert into cars(id,model_id,numberplate,price) values (820,170,'5921IOC',43810);
insert into cars(id,model_id,numberplate,price) values (821,457,'2040IDU',15954);
insert into cars(id,model_id,numberplate,price) values (822,279,'3422WBP',43860);
insert into cars(id,model_id,numberplate,price) values (823,966,'7690KVX',21753);
insert into cars(id,model_id,numberplate,price) values (824,1000,'2482TPL',12051);
insert into cars(id,model_id,numberplate,price) values (825,436,'4889LJF',19655);
insert into cars(id,model_id,numberplate,price) values (826,207,'2278BGH',37065);
insert into cars(id,model_id,numberplate,price) values (827,401,'8339GBZ',10535);
insert into cars(id,model_id,numberplate,price) values (828,765,'7088XEP',1054);
insert into cars(id,model_id,numberplate,price) values (829,802,'3520EQA',2674);
insert into cars(id,model_id,numberplate,price) values (830,84,'3254BCE',12754);
insert into cars(id,model_id,numberplate,price) values (831,565,'8563TLW',14140);
insert into cars(id,model_id,numberplate,price) values (832,29,'8698SLF',40178);
insert into cars(id,model_id,numberplate,price) values (833,71,'3317AMH',34665);
insert into cars(id,model_id,numberplate,price) values (834,576,'3730PCL',26935);
insert into cars(id,model_id,numberplate,price) values (835,429,'7277TND',9398);
insert into cars(id,model_id,numberplate,price) values (836,28,'1608QEW',12985);
insert into cars(id,model_id,numberplate,price) values (837,456,'3478HEW',25596);
insert into cars(id,model_id,numberplate,price) values (838,158,'3975UHV',13293);
insert into cars(id,model_id,numberplate,price) values (839,114,'1885WCD',37529);
insert into cars(id,model_id,numberplate,price) values (840,186,'7777XMQ',2048);
insert into cars(id,model_id,numberplate,price) values (841,979,'4595FNZ',17261);
insert into cars(id,model_id,numberplate,price) values (842,703,'8745QSV',9695);
insert into cars(id,model_id,numberplate,price) values (843,541,'4688DUU',18063);
insert into cars(id,model_id,numberplate,price) values (844,705,'1497LXJ',20054);
insert into cars(id,model_id,numberplate,price) values (845,369,'4142YCV',6873);
insert into cars(id,model_id,numberplate,price) values (846,53,'3929ZFM',2161);
insert into cars(id,model_id,numberplate,price) values (847,847,'5603AMW',7538);
insert into cars(id,model_id,numberplate,price) values (848,54,'9451TLG',7986);
insert into cars(id,model_id,numberplate,price) values (849,510,'2173UKQ',26905);
insert into cars(id,model_id,numberplate,price) values (850,855,'8366QWI',42599);
insert into cars(id,model_id,numberplate,price) values (851,786,'1664XZY',29886);
insert into cars(id,model_id,numberplate,price) values (852,548,'9805FCT',31287);
insert into cars(id,model_id,numberplate,price) values (853,423,'4702HYZ',29178);
insert into cars(id,model_id,numberplate,price) values (854,674,'9066MEE',35034);
insert into cars(id,model_id,numberplate,price) values (855,468,'8727TQP',14023);
insert into cars(id,model_id,numberplate,price) values (856,317,'7009ODF',22325);
insert into cars(id,model_id,numberplate,price) values (857,571,'5536OSY',17845);
insert into cars(id,model_id,numberplate,price) values (858,436,'2788SSL',22601);
insert into cars(id,model_id,numberplate,price) values (859,692,'8010VZP',14563);
insert into cars(id,model_id,numberplate,price) values (860,568,'8759RHU',4789);
insert into cars(id,model_id,numberplate,price) values (861,193,'1781BBG',9409);
insert into cars(id,model_id,numberplate,price) values (862,543,'4049UWM',41794);
insert into cars(id,model_id,numberplate,price) values (863,148,'5555VZN',35265);
insert into cars(id,model_id,numberplate,price) values (864,959,'6184JQM',24167);
insert into cars(id,model_id,numberplate,price) values (865,845,'6674SEQ',26042);
insert into cars(id,model_id,numberplate,price) values (866,962,'1542BPH',36879);
insert into cars(id,model_id,numberplate,price) values (867,403,'5573KFN',10065);
insert into cars(id,model_id,numberplate,price) values (868,597,'2971BYB',38561);
insert into cars(id,model_id,numberplate,price) values (869,243,'8345YGQ',38096);
insert into cars(id,model_id,numberplate,price) values (870,399,'9283ONT',29324);
insert into cars(id,model_id,numberplate,price) values (871,5,'3243ZHM',27316);
insert into cars(id,model_id,numberplate,price) values (872,68,'9276ZTW',20055);
insert into cars(id,model_id,numberplate,price) values (873,451,'9248PEF',42572);
insert into cars(id,model_id,numberplate,price) values (874,164,'7046FWP',36051);
insert into cars(id,model_id,numberplate,price) values (875,523,'8760EUG',32851);
insert into cars(id,model_id,numberplate,price) values (876,221,'3624UOS',26610);
insert into cars(id,model_id,numberplate,price) values (877,359,'9892EST',7610);
insert into cars(id,model_id,numberplate,price) values (878,705,'1954BSM',37600);
insert into cars(id,model_id,numberplate,price) values (879,277,'5623OBB',43811);
insert into cars(id,model_id,numberplate,price) values (880,499,'8335OGN',42370);
insert into cars(id,model_id,numberplate,price) values (881,594,'9441MGC',24305);
insert into cars(id,model_id,numberplate,price) values (882,243,'3287LJW',5210);
insert into cars(id,model_id,numberplate,price) values (883,668,'5787BVB',26768);
insert into cars(id,model_id,numberplate,price) values (884,659,'3783JIW',13389);
insert into cars(id,model_id,numberplate,price) values (885,12,'3714QEL',9590);
insert into cars(id,model_id,numberplate,price) values (886,112,'2069LRP',41263);
insert into cars(id,model_id,numberplate,price) values (887,479,'9466JEP',26648);
insert into cars(id,model_id,numberplate,price) values (888,481,'5633RME',39204);
insert into cars(id,model_id,numberplate,price) values (889,35,'4910OSW',535);
insert into cars(id,model_id,numberplate,price) values (890,797,'8840SYL',17704);
insert into cars(id,model_id,numberplate,price) values (891,605,'8338QUT',3063);
insert into cars(id,model_id,numberplate,price) values (892,315,'3719QON',34990);
insert into cars(id,model_id,numberplate,price) values (893,363,'4589QMZ',27957);
insert into cars(id,model_id,numberplate,price) values (894,574,'3630JUV',22230);
insert into cars(id,model_id,numberplate,price) values (895,741,'2383MNP',18624);
insert into cars(id,model_id,numberplate,price) values (896,738,'6135JRS',11757);
insert into cars(id,model_id,numberplate,price) values (897,816,'7634OBL',3247);
insert into cars(id,model_id,numberplate,price) values (898,694,'9483FYK',26638);
insert into cars(id,model_id,numberplate,price) values (899,176,'6017KXJ',11997);
insert into cars(id,model_id,numberplate,price) values (900,528,'5135TAH',1573);
insert into cars(id,model_id,numberplate,price) values (901,164,'3542CWC',29244);
insert into cars(id,model_id,numberplate,price) values (902,271,'9940HGT',1430);
insert into cars(id,model_id,numberplate,price) values (903,715,'9400OQQ',25871);
insert into cars(id,model_id,numberplate,price) values (904,848,'9575APY',9608);
insert into cars(id,model_id,numberplate,price) values (905,298,'5904PGE',10912);
insert into cars(id,model_id,numberplate,price) values (906,693,'5512FHY',13526);
insert into cars(id,model_id,numberplate,price) values (907,733,'2538GXH',282);
insert into cars(id,model_id,numberplate,price) values (908,800,'4863BTL',25375);
insert into cars(id,model_id,numberplate,price) values (909,701,'6280JKZ',14569);
insert into cars(id,model_id,numberplate,price) values (910,257,'6078GLM',35267);
insert into cars(id,model_id,numberplate,price) values (911,322,'8905KUG',7515);
insert into cars(id,model_id,numberplate,price) values (912,237,'7333OYL',16211);
insert into cars(id,model_id,numberplate,price) values (913,288,'9463TYO',2975);
insert into cars(id,model_id,numberplate,price) values (914,501,'6196GYK',15572);
insert into cars(id,model_id,numberplate,price) values (915,649,'4932BRF',14262);
insert into cars(id,model_id,numberplate,price) values (916,701,'6333IIU',510);
insert into cars(id,model_id,numberplate,price) values (917,882,'1884SPC',42420);
insert into cars(id,model_id,numberplate,price) values (918,782,'7174PQP',6475);
insert into cars(id,model_id,numberplate,price) values (919,891,'6227CGX',28466);
insert into cars(id,model_id,numberplate,price) values (920,520,'4711HCC',8106);
insert into cars(id,model_id,numberplate,price) values (921,412,'9385USX',31417);
insert into cars(id,model_id,numberplate,price) values (922,102,'2369IFR',7278);
insert into cars(id,model_id,numberplate,price) values (923,909,'6026QPF',29936);
insert into cars(id,model_id,numberplate,price) values (924,248,'9565SQQ',34804);
insert into cars(id,model_id,numberplate,price) values (925,828,'9725MCD',28866);
insert into cars(id,model_id,numberplate,price) values (926,555,'6947ILL',22116);
insert into cars(id,model_id,numberplate,price) values (927,805,'5031JRH',4404);
insert into cars(id,model_id,numberplate,price) values (928,446,'1830EYM',34332);
insert into cars(id,model_id,numberplate,price) values (929,153,'2295ITM',3806);
insert into cars(id,model_id,numberplate,price) values (930,869,'9782NGM',18099);
insert into cars(id,model_id,numberplate,price) values (931,20,'5731EAV',1719);
insert into cars(id,model_id,numberplate,price) values (932,864,'2398UXD',12302);
insert into cars(id,model_id,numberplate,price) values (933,2,'4931NUM',8758);
insert into cars(id,model_id,numberplate,price) values (934,744,'9180ACN',3129);
insert into cars(id,model_id,numberplate,price) values (935,987,'9130GIB',10398);
insert into cars(id,model_id,numberplate,price) values (936,371,'1630WWQ',22389);
insert into cars(id,model_id,numberplate,price) values (937,751,'5511ROG',13019);
insert into cars(id,model_id,numberplate,price) values (938,483,'5318DGA',40725);
insert into cars(id,model_id,numberplate,price) values (939,762,'8370ILO',43859);
insert into cars(id,model_id,numberplate,price) values (940,30,'4943RXY',1340);
insert into cars(id,model_id,numberplate,price) values (941,564,'5318AMS',23755);
insert into cars(id,model_id,numberplate,price) values (942,743,'2095ABM',11212);
insert into cars(id,model_id,numberplate,price) values (943,90,'9131YAU',9100);
insert into cars(id,model_id,numberplate,price) values (944,938,'2850CSY',18894);
insert into cars(id,model_id,numberplate,price) values (945,764,'9882FAV',24130);
insert into cars(id,model_id,numberplate,price) values (946,409,'5487CUO',2689);
insert into cars(id,model_id,numberplate,price) values (947,301,'9347KMX',1867);
insert into cars(id,model_id,numberplate,price) values (948,869,'8815RGF',8887);
insert into cars(id,model_id,numberplate,price) values (949,445,'3285RQN',19770);
insert into cars(id,model_id,numberplate,price) values (950,339,'5180TNV',9740);
insert into cars(id,model_id,numberplate,price) values (951,1007,'9076ZPO',27392);
insert into cars(id,model_id,numberplate,price) values (952,812,'7856MKC',29040);
insert into cars(id,model_id,numberplate,price) values (953,3,'2108KTI',10882);
insert into cars(id,model_id,numberplate,price) values (954,242,'8420BVW',14763);
insert into cars(id,model_id,numberplate,price) values (955,634,'5197ZEN',5845);
insert into cars(id,model_id,numberplate,price) values (956,604,'8889AAE',37945);
insert into cars(id,model_id,numberplate,price) values (957,156,'6474DJB',38008);
insert into cars(id,model_id,numberplate,price) values (958,331,'6723MIZ',34091);
insert into cars(id,model_id,numberplate,price) values (959,475,'1733KRH',16122);
insert into cars(id,model_id,numberplate,price) values (960,306,'5512WFU',41536);
insert into cars(id,model_id,numberplate,price) values (961,452,'5949DVV',31214);
insert into cars(id,model_id,numberplate,price) values (962,418,'4389FAQ',33175);
insert into cars(id,model_id,numberplate,price) values (963,738,'2521ZHL',7131);
insert into cars(id,model_id,numberplate,price) values (964,518,'5212DOU',14957);
insert into cars(id,model_id,numberplate,price) values (965,674,'3217LBK',28788);
insert into cars(id,model_id,numberplate,price) values (966,436,'1343YRR',30854);
insert into cars(id,model_id,numberplate,price) values (967,535,'2674ARS',5529);
insert into cars(id,model_id,numberplate,price) values (968,840,'5902OAQ',40963);
insert into cars(id,model_id,numberplate,price) values (969,625,'6633AIP',26140);
insert into cars(id,model_id,numberplate,price) values (970,496,'4753AFC',26035);
insert into cars(id,model_id,numberplate,price) values (971,750,'7632XEN',38250);
insert into cars(id,model_id,numberplate,price) values (972,731,'7241RVW',28131);
insert into cars(id,model_id,numberplate,price) values (973,361,'7034BRA',19110);
insert into cars(id,model_id,numberplate,price) values (974,642,'1682CXW',20313);
insert into cars(id,model_id,numberplate,price) values (975,663,'3192WZI',4966);
insert into cars(id,model_id,numberplate,price) values (976,804,'5079JKA',2504);
insert into cars(id,model_id,numberplate,price) values (977,827,'6805KLR',41641);
insert into cars(id,model_id,numberplate,price) values (978,474,'8896CNC',35864);
insert into cars(id,model_id,numberplate,price) values (979,842,'9470EQL',36274);
insert into cars(id,model_id,numberplate,price) values (980,642,'4755HTJ',9689);
insert into cars(id,model_id,numberplate,price) values (981,916,'8743ODT',42981);
insert into cars(id,model_id,numberplate,price) values (982,341,'1390HJU',43426);
insert into cars(id,model_id,numberplate,price) values (983,295,'6142JRQ',17921);
insert into cars(id,model_id,numberplate,price) values (984,280,'4353ADV',7670);
insert into cars(id,model_id,numberplate,price) values (985,775,'8685CGT',6546);
insert into cars(id,model_id,numberplate,price) values (986,381,'1235KUT',20649);
insert into cars(id,model_id,numberplate,price) values (987,306,'9884ZGY',3871);
insert into cars(id,model_id,numberplate,price) values (988,180,'3542GJO',33815);
insert into cars(id,model_id,numberplate,price) values (989,271,'2860QBN',12518);
insert into cars(id,model_id,numberplate,price) values (990,186,'9128AND',13140);
insert into cars(id,model_id,numberplate,price) values (991,392,'9965OSH',21796);
insert into cars(id,model_id,numberplate,price) values (992,817,'8862YAQ',15814);
insert into cars(id,model_id,numberplate,price) values (993,55,'3366SRG',9029);
insert into cars(id,model_id,numberplate,price) values (994,466,'9740CXU',24906);
insert into cars(id,model_id,numberplate,price) values (995,749,'9700FDQ',27794);
insert into cars(id,model_id,numberplate,price) values (996,1006,'8329YVM',5268);
insert into cars(id,model_id,numberplate,price) values (997,997,'3823NEI',39979);
insert into cars(id,model_id,numberplate,price) values (998,967,'4106EEV',23160);
insert into cars(id,model_id,numberplate,price) values (999,476,'1064EZY',23075);
insert into cars(id,model_id,numberplate,price) values (1000,772,'3390BNI',11997);
